timestamp,ear,mar,eyes_closed,mouth_open,perclos,mor,blink_per_min,yawn_active,yawn_seconds,pitch,yaw,roll,fatigue_flag
1765804716.5616515,0.1650998920947403,0.0,1,0,1.0,0.0,0,0,0.0,-179.8650432867398,-0.6964514674386645,0.8269430240931969,0
1765804716.8097484,0.3054380369345382,0.024390243902439025,0,0,0.5,0.0,1,0,0.0,178.2508979320562,-5.525937695094961,1.0255667081419326,0
1765804716.834385,0.3227202406196119,0.0,0,0,0.3333333333333333,0.0,1,0,0.0,178.65144460059884,-3.044357157462561,1.6436082028257306,0
1765804716.8553252,0.31898681229160025,0.0,0,0,0.25,0.0,1,0,0.0,178.40910185912364,0.0720427157937795,1.364700639462991,0
1765804716.8730555,0.2967642983797474,0.024382992454708537,0,0,0.2,0.0,1,0,0.0,177.94593505780935,-2.7540502101559596,1.811940513753894,0
1765804716.8896866,0.33908085871982657,0.0,0,0,0.16666666666666666,0.0,1,0,0.0,179.4160731013309,-4.992759019387815,1.8375734433635669,0
1765804716.9067907,0.3430362893428017,0.0,0,0,0.14285714285714285,0.0,1,0,0.0,178.8887535959872,-4.395963942859993,2.8620087222656623,0
1765804716.93238,0.33010971653817317,0.0,0,0,0.125,0.0,1,0,0.0,179.2563666277679,-2.6116965937435266,2.224966672631398,0
1765804716.9624662,0.32018094815330395,0.0,0,0,0.1111111111111111,0.0,1,0,0.0,176.82385465732875,0.5209771872045917,1.2290785490495402,0
1765804716.9951205,0.342422067754249,0.0,0,0,0.1,0.0,1,0,0.0,177.16379423507567,1.2508794366172094,1.548663601043067,0
1765804717.0274794,0.3138393807892603,0.0,0,0,0.09090909090909091,0.0,1,0,0.0,177.39476504413082,-2.5952328567328498,1.9772413458632883,0
1765804717.0585425,0.33965224042981085,0.0,0,0,0.08333333333333333,0.0,1,0,0.0,176.82385465732875,0.5209771872045917,1.2290785490495402,0
1765804717.0904138,0.34033405585890425,0.02499219116020307,0,0,0.07692307692307693,0.0,1,0,0.0,178.4748001456703,3.0082465937157936,1.4594632231305609,0
1765804717.1235387,0.32672983873561007,0.024390243902439025,0,0,0.07142857142857142,0.0,1,0,0.0,179.4708563312305,-1.8292188694176845,1.3320635138511578,0
1765804717.1549876,0.29156363911574523,0.02564102564102564,0,0,0.06666666666666667,0.0,1,0,0.0,178.12452360312818,-7.781456939826148,1.81305398895282,0
1765804717.186926,0.33783589342895404,0.0,0,0,0.0625,0.0,1,0,0.0,177.4966669994456,-5.108514180420124,1.900590692176235,0
1765804717.219597,0.33602433282259625,0.02499219116020307,0,0,0.058823529411764705,0.0,1,0,0.0,177.25344542518783,-0.18987206678720167,1.2073562581159913,0
1765804717.2686422,0.3451112864584884,0.0,0,0,0.05555555555555555,0.0,1,0,0.0,179.40120822654956,-5.591486878485563,1.607167398493875,0
1765804717.3014064,0.3097273445772786,0.0,0,0,0.05263157894736842,0.0,1,0,0.0,178.35628333553936,-1.1954452313466857,2.261621666904736,0
1765804717.3314593,0.32950378498974364,0.0,0,0,0.05,0.0,1,0,0.0,178.5188934888302,-4.112747740416926,1.2909395795722354,0
1765804717.3622916,0.3370284373682752,0.0,0,0,0.047619047619047616,0.0,1,0,0.0,177.72328910303003,1.384008761491245,0.8786943543837828,0
1765804717.3955946,0.336207462778667,0.0,0,0,0.045454545454545456,0.0,1,0,0.0,179.7273176374415,0.22791173648989657,1.1705037394145765,0
1765804717.427577,0.3359730802043934,0.0,0,0,0.043478260869565216,0.0,1,0,0.0,178.20181662509054,-5.436555297279907,1.7688602584473598,0
1765804717.4598444,0.3594516737248502,0.023802777946288958,0,0,0.041666666666666664,0.0,1,0,0.0,178.86144169536078,-2.8470535094915173,1.9584440405752606,0
1765804717.4916763,0.3351437423884194,0.0,0,0,0.04,0.0,1,0,0.0,177.88699679312765,-6.314024353353595,2.2166990687044623,0
1765804717.5225239,0.34358619555133213,0.0,0,0,0.038461538461538464,0.0,1,0,0.0,179.18420317866074,-4.264073613014442,2.1179736094283506,0
1765804717.555315,0.33660792358793046,0.0,0,0,0.037037037037037035,0.0,1,0,0.0,178.14832319211806,-7.525385225712239,2.4973595312578287,0
1765804717.6022937,0.3260731895714926,0.0,0,0,0.03571428571428571,0.0,1,0,0.0,178.0434623050194,-7.9242138131020114,1.901824217042748,0
1765804717.6356468,0.3450197977998438,0.0,0,0,0.034482758620689655,0.0,1,0,0.0,179.00538940553992,-10.806939661565803,1.9038474150080973,0
1765804717.6680884,0.3009039712361795,0.0,0,0,0.03333333333333333,0.0,1,0,0.0,176.896031817917,-1.3529512317949963,1.7876512206546225,0
1765804717.6984348,0.35026549357630665,0.023249527748763855,0,0,0.03225806451612903,0.0,1,0,0.0,174.7029433613363,-1.26268144556127,1.0542882504686364,0
1765804717.7305753,0.3317055635225065,0.03287979746107146,0,0,0.03125,0.0,1,0,0.0,175.41250294958982,-3.0935504860798537,1.267790203731719,0
1765804717.7627115,0.3145083034481424,0.0,0,0,0.030303030303030304,0.0,1,0,0.0,176.8517983824693,-1.7466935932592735,0.6037771190161857,0
1765804717.795471,0.33932647069737615,0.023255813953488372,0,0,0.029411764705882353,0.0,1,0,0.0,177.9694600282474,-6.736534776615664,0.3898086359100963,0
1765804717.832138,0.351144540368383,0.0,0,0,0.02857142857142857,0.0,1,0,0.0,174.95546560649285,-4.7565231200083975,0.0975226544373035,0
1765804717.86735,0.35143501432911156,0.0,0,0,0.027777777777777776,0.0,1,0,0.0,176.6503154078042,-7.995955784227066,0.6613715974804579,0
1765804717.9105337,0.36284675213512674,0.0,0,0,0.02702702702702703,0.0,1,0,0.0,176.93828734653806,-7.833060392153866,0.7412763417601965,0
1765804717.9512086,0.3507407465738618,0.0,0,0,0.02631578947368421,0.0,1,0,0.0,175.24587115090011,-5.416839267911125,0.2088424320174539,0
1765804717.9871905,0.3372163427479742,0.0,0,0,0.02564102564102564,0.0,1,0,0.0,176.14287790656996,-5.628466618492463,0.31481633809107595,0
1765804718.0231194,0.3165855417479726,0.0,0,0,0.025,0.0,1,0,0.0,175.1638287046265,-6.0390834116367635,0.661716936307146,0
1765804718.0611124,0.3279181036448574,0.0,0,0,0.024390243902439025,0.0,1,0,0.0,175.8465936670619,-10.817910342875802,0.9099764907885683,0
1765804718.0944517,0.3271759491201566,0.02082881368183567,0,0,0.023809523809523808,0.0,1,0,0.0,177.1031261698489,-8.419834806526083,0.4378886273567702,0
1765804718.117859,0.3241437658671823,0.0,0,0,0.023255813953488372,0.0,1,0,0.0,176.01405783213184,-7.726108795906033,0.4949651266893745,0
1765804718.141951,0.3279457768043541,0.02082881368183567,0,0,0.022727272727272728,0.0,1,0,0.0,177.16235445596547,-9.314756293684171,0.25872131693017353,0
1765804718.1656919,0.3363004705206658,0.02,0,0,0.022222222222222223,0.0,1,0,0.0,176.30664777910908,-7.878462339896645,0.4926066226515456,0
1765804718.195189,0.32385820750217587,0.0,0,0,0.021739130434782608,0.0,1,0,0.0,177.2600429342824,-10.378526377162016,0.5227743838781793,0
1765804718.227211,0.3428152131214851,0.0,0,0,0.02127659574468085,0.0,1,0,0.0,176.95184370810122,-7.2757481561394295,0.34779133415819463,0
1765804718.2588882,0.32582661805020846,0.0,0,0,0.020833333333333332,0.0,1,0,0.0,177.92360782471044,-9.30870735608231,0.41072310170777854,0
1765804718.2915561,0.33075369482228756,0.01999600119960014,0,0,0.02040816326530612,0.0,1,0,0.0,177.01531855872094,-10.052078248072114,0.5787429501779077,0
1765804718.3394706,0.3513492471453087,0.0,0,0,0.02,0.0,1,0,0.0,176.77028853471765,-10.915084918736463,0.34228872003260646,0
1765804718.370181,0.3193922906971466,0.01960407493444558,0,0,0.0196078431372549,0.0,1,0,0.0,175.8732631266873,-8.411490498580939,1.4456767619914055,0
1765804718.4020615,0.34011437940512124,0.0,0,0,0.019230769230769232,0.0,1,0,0.0,176.51717660678779,-9.262084988572466,0.8512651537623022,0
1765804718.4365299,0.3474112763780027,0.0,0,0,0.018867924528301886,0.0,1,0,0.0,177.16596793295943,-10.268254816075865,1.0091913464146693,0
1765804718.4670775,0.3345603657425318,0.0,0,0,0.018518518518518517,0.0,1,0,0.0,178.03928183404844,-13.036296421432795,1.2812844800050447,0
1765804718.4973266,0.2974694851860901,0.0,0,0,0.01818181818181818,0.0,1,0,0.0,178.1398389521613,-9.599668269993131,1.1253386681539757,0
1765804718.539591,0.32844846508933745,0.0,0,0,0.017857142857142856,0.0,1,0,0.0,179.86981115221005,-12.339102848656342,0.9366189519701996,0
1765804718.5624638,0.3253668715058625,0.0,0,0,0.017543859649122806,0.0,1,0,0.0,178.68875805393986,-11.0922698685267,1.4300502580475125,1
1765804718.5944707,0.347063118531322,0.019230769230769232,0,0,0.017241379310344827,0.0,1,0,0.0,178.51790597418625,-8.981597982548642,1.353086241521768,1
1765804718.6264534,0.32123780865541873,0.019592783347677303,0,0,0.01694915254237288,0.0,1,0,0.0,-179.41079908399666,-12.17716164603047,0.9053274939451771,0
1765804718.6576715,0.3152509253029894,0.0,0,0,0.016666666666666666,0.0,1,0,0.0,178.87299431928727,-12.17334337887789,1.155587494822161,0
1765804718.7076726,0.33455842007506387,0.0,0,0,0.01639344262295082,0.0,1,0,0.0,179.1206166477645,-11.308905018987604,1.4450076636937892,0
1765804718.738394,0.24756506552494878,0.02,0,0,0.016129032258064516,0.0,1,0,0.0,178.30481383344969,-12.213558964229275,2.0567075128437304,0
1765804718.770192,0.10906844860233998,0.018518518518518517,1,0,0.031746031746031744,0.0,1,0,0.0,177.32507713192535,-5.9527783750334065,1.6092197559800614,0
1765804718.8041537,0.1009133898232504,0.0196078431372549,1,0,0.046875,0.0,1,0,0.0,173.71507579445748,-3.843226002853328,0.7151690607067024,0
1765804718.8357356,0.0766667518655194,0.0,1,0,0.06153846153846154,0.0,1,0,0.0,174.33229412515848,-8.616905486806317,2.038235253080773,0
1765804718.8671224,0.10324133752629866,0.0,1,0,0.07575757575757576,0.0,1,0,0.0,176.19427706578716,-9.301351719232246,1.4622453838889484,0
1765804718.8991206,0.08353865574377933,0.0,1,0,0.08955223880597014,0.0,1,0,0.0,176.41845395905852,-6.834847796851618,1.4438758561607359,0
1765804718.9315703,0.0945734224045191,0.018515344006020947,1,0,0.10294117647058823,0.0,1,0,0.0,172.87784556916142,-5.594660835534613,1.8790721624599844,0
1765804718.9652112,0.09093289384012297,0.0196078431372549,1,0,0.11594202898550725,0.0,1,0,0.0,176.21294164639764,-7.858711829065442,1.3064418968609228,0
1765804718.9956288,0.1253417280950131,0.0196078431372549,1,0,0.12857142857142856,0.0,1,0,0.0,176.32678201318112,-6.306021634303807,1.9653960435515467,0
1765804719.0274255,0.06548681516528398,0.0,1,0,0.14084507042253522,0.0,1,0,0.0,174.398668147815,-2.9976345917675307,1.7636141856783523,0
1765804719.0758793,0.08033475680684772,0.0,1,0,0.1527777777777778,0.0,1,0,0.0,177.46964447974005,-5.9753326645676035,1.102925611461671,0
1765804719.1198714,0.10939743199349293,0.0,1,0,0.1643835616438356,0.0,1,0,0.0,177.28482123152762,-7.374306901901889,1.8408144813589744,0
1765804719.153963,0.09646019377043089,0.0,1,0,0.17567567567567569,0.0,1,0,0.0,176.95014304892854,-5.3237302227647385,1.4741112601177162,0
1765804719.18055,0.07057719969190676,0.0196078431372549,1,0,0.18666666666666668,0.0,1,0,0.0,176.18640272653207,-5.434927284582272,1.0229731098731742,0
1765804719.2096493,0.0729946256610142,0.0,1,0,0.19736842105263158,0.0,1,0,0.0,174.69435914502444,-5.231024120729515,1.7998035808734572,0
1765804719.2382786,0.12612376874510586,0.0,1,0,0.2077922077922078,0.0,1,0,0.0,176.10617739602796,-7.7317737573458025,2.1751208671153224,0
1765804719.2675526,0.07915778892531924,0.0196078431372549,1,0,0.21794871794871795,0.0,1,0,0.0,174.9268450950478,-7.998533850104278,1.476503489233735,0
1765804719.2985954,0.10400855939325099,0.0,1,0,0.22784810126582278,0.0,1,0,0.0,174.43980079981765,-5.532232151309514,1.6237073207574972,0
1765804719.3310463,0.07253747103745016,0.0,1,0,0.2375,0.0,1,0,0.0,175.2465325270292,-7.698186181254417,1.9673235713052517,0
1765804719.3635404,0.08145392904785514,0.01960407493444558,1,0,0.24691358024691357,0.0,1,0,0.0,177.5211179176723,-6.537449456037252,1.1167879155618559,0
1765804719.4116685,0.0998077974219672,0.0,1,0,0.25609756097560976,0.0,1,0,0.0,176.0529760567487,-6.747121226958126,2.0266549334229533,0
1765804719.443126,0.07676624562540894,0.0,1,0,0.26506024096385544,0.0,1,0,0.0,174.24534124426222,-5.0089328024644395,2.4066184291825863,0
1765804719.4747248,0.08158401689958455,0.0,1,0,0.27380952380952384,0.0,1,0,0.0,175.55330689120234,-5.106059611679136,1.6324281315906786,0
1765804719.5062406,0.09472861965855554,0.019227214231343204,1,0,0.2823529411764706,0.0,1,0,0.0,175.12330525584167,-6.564009530717711,1.2042691457304735,0
1765804719.5394917,0.07567732608760581,0.0,1,0,0.29069767441860467,0.0,1,0,0.0,176.74780504905243,-4.85659562648505,1.0447093826805083,0
1765804720.1450732,0.0979711665550946,0.0,1,0,0.2988505747126437,0.0,1,0,0.0,175.1167879239351,-5.75410794734484,1.634097344689817,0
1765804720.1602325,0.31819013141426167,0.0,0,0,0.29545454545454547,0.0,2,0,0.0,178.55980288494683,-8.668109084274553,1.619894069983837,0
1765804720.1733298,0.2983978130515952,0.0,0,0,0.29213483146067415,0.0,2,0,0.0,179.58887138189877,-13.423549091230502,1.6084528722553122,0
1765804720.187909,0.31487065874854103,0.0,0,0,0.28888888888888886,0.0,2,0,0.0,178.7473594085117,-9.215123884008177,1.646185622491261,0
1765804720.2113636,0.2978974458596314,0.0196078431372549,0,0,0.2857142857142857,0.0,2,0,0.0,179.42197461360004,-12.78206595518371,1.8392967149457344,0
1765804720.2434037,0.3127998068420651,0.019230769230769232,0,0,0.2826086956521739,0.0,2,0,0.0,177.9536605276694,-9.996591927785829,1.922775717198076,0
1765804720.2747285,0.3141574031334475,0.0,0,0,0.27956989247311825,0.0,2,0,0.0,178.56181075549358,-9.230420174173629,1.8832062667342064,0
1765804720.3058197,0.29742606267946786,0.0,0,0,0.2765957446808511,0.0,2,0,0.0,179.23535863626205,-9.268665144033353,2.0436771921335892,0
1765804720.3393297,0.3070932784021506,0.0,0,0,0.2736842105263158,0.0,2,0,0.0,178.87713416936427,-9.13367917933031,1.8182573718932096,0
1765804720.370259,0.30097533640240326,0.0,0,0,0.2708333333333333,0.0,2,0,0.0,178.3827401176599,-11.296181448467443,1.7960439839573394,0
1765804720.3976338,0.30097533640240326,0.0,0,0,0.26804123711340205,0.0,2,0,0.0,178.09828709300234,-9.486062089008744,1.6367957337805925,0
1765804720.425421,0.2933628458601638,0.0277296776935901,0,0,0.2653061224489796,0.0,2,0,0.0,178.0931016990262,-6.9802250162489194,1.3547874677250058,0
1765804720.4546142,0.33195130843084264,0.0,0,0,0.26262626262626265,0.0,2,0,0.0,178.27320009712523,-10.54026701509857,1.5467727623583256,0
1765804720.481897,0.3163716210188633,0.0,0,0,0.26,0.0,2,0,0.0,177.47388372445442,-8.800926995876447,1.9925460438963785,0
1765804720.5476863,0.2974324056388472,0.018864566947613626,0,0,0.25742574257425743,0.0,2,0,0.0,177.9844129712524,-9.984310517041928,1.7757828024685416,0
1765804720.5831249,0.29891844826761954,0.0,0,0,0.2549019607843137,0.0,2,0,0.0,178.7964448061947,-11.139828275742847,1.7244871249994904,0
1765804720.6103334,0.3153746713814091,0.0,0,0,0.2524271844660194,0.0,2,0,0.0,-179.8935072478713,-10.161664223077622,1.75534075318332,0
1765804720.643496,0.32490150894491554,0.0,0,0,0.25,0.0,2,0,0.0,177.9703003104642,-10.170167373573577,2.006548409459063,0
1765804720.6753201,0.2959162374614044,0.0,0,0,0.24761904761904763,0.0,2,0,0.0,177.44671346546025,-8.87082651883659,1.9897321845766816,0
1765804720.7075396,0.3038795589628227,0.0,0,0,0.24528301886792453,0.0,2,0,0.0,177.20603246794096,-8.933071567463056,2.572140760197496,0
1765804720.7386298,0.3203213785123704,0.0,0,0,0.24299065420560748,0.0,2,0,0.0,178.12029405405184,-12.221153993820934,2.1695435830407486,0
1765804720.768152,0.3103695549238398,0.0,0,0,0.24074074074074073,0.0,2,0,0.0,178.24637283606233,-11.068410072053206,2.124631457270983,0
1765804720.7930655,0.30062218193742835,0.0,0,0,0.23853211009174313,0.0,2,0,0.0,179.9957500824417,-10.377357026233538,1.675138239402817,0
1765804720.8121266,0.321247961599633,0.0,0,0,0.23636363636363636,0.0,2,0,0.0,177.32327756213402,-10.654129131381469,2.01615792318526,0
1765804720.8354068,0.29619677528807264,0.0,0,0,0.23423423423423423,0.0,2,0,0.0,179.0453972714307,-9.326065478761873,1.7079420829816068,0
1765804720.8845036,0.32490150894491554,0.0,0,0,0.23214285714285715,0.0,2,0,0.0,178.57340542993,-11.919476515330311,1.9559771533628088,0
1765804720.9476464,0.33716596576892555,0.019227214231343204,0,0,0.23008849557522124,0.0,2,0,0.0,179.5486084426169,-10.544410902972654,1.7888870759816158,0
1765804720.9786274,0.30480361292656827,0.0,0,0,0.22807017543859648,0.0,2,0,0.0,-179.22269934185866,-11.420331409074176,1.9184308366107674,0
1765804721.011799,0.3185351988512912,0.0196078431372549,0,0,0.22608695652173913,0.0,2,0,0.0,179.42316598230468,-10.737864373606483,1.8956917278260002,0
1765804721.043385,0.30663599334411534,0.019230769230769232,0,0,0.22413793103448276,0.0,2,0,0.0,178.28460431220404,-12.043369540982802,2.3699558535523875,0
1765804721.0766616,0.3012761279092554,0.0196078431372549,0,0,0.2222222222222222,0.0,2,0,0.0,-179.62952909175243,-12.909678661158356,2.0184170331206963,0
1765804721.1066594,0.2982371093117443,0.0,0,0,0.22033898305084745,0.0,2,0,0.0,178.4481563815718,-10.869193839644351,2.5360172635607303,0
1765804721.1388552,0.28812704036169146,0.0,0,0,0.2184873949579832,0.0,2,0,0.0,178.8213210570911,-10.121777045914394,2.0829855000510493,0
1765804721.1649432,0.16925907862095108,0.0,1,0,0.225,0.0,2,0,0.0,178.35286735396664,-9.01676938289356,1.7955723704969615,0
1765804721.1945465,0.07529747190258483,0.0,1,0,0.23140495867768596,0.0,2,0,0.0,176.69823602571714,-9.842284293085829,2.638507891870535,0
1765804721.2226102,0.07630991258573874,0.0,1,0,0.23770491803278687,0.0,2,0,0.0,176.7287382512613,-7.157817527658575,2.230168155646925,0
1765804721.2528076,0.08172933386129719,0.0,1,0,0.24390243902439024,0.0,2,0,0.0,176.8176369939367,-4.787939747607428,2.0975711709196196,0
1765804721.283581,0.07848160076781449,0.0,1,0,0.25,0.0,2,0,0.0,177.4192665334137,-7.622527389682817,1.9179199954976824,0
1765804721.3494475,0.0945734224045191,0.0,1,0,0.256,0.0,2,0,0.0,176.02854600903856,-8.237839676559002,1.895717606038922,0
1765804721.3928957,0.08376779878385689,0.0,1,0,0.2619047619047619,0.0,2,0,0.0,177.21596772317147,-10.152293566447662,2.2427772664507293,0
1765804721.422701,0.06874880732607495,0.0,1,0,0.2677165354330709,0.0,2,0,0.0,177.03945805662687,-6.790657236257399,1.5372396537921285,0
1765804721.4508882,0.09784463929351436,0.0,1,0,0.2734375,0.0,2,0,0.0,176.39173032782693,-6.651361221431936,2.1392651537103395,0
1765804721.4821835,0.11705133388121372,0.0,1,0,0.27906976744186046,0.0,2,0,0.0,177.3304696959429,-6.633836464801925,1.6918954949752796,0
1765804721.5128772,0.09454027631182922,0.0,1,0,0.2846153846153846,0.0,2,0,0.0,177.15727060129439,-6.971909293322339,1.5341883804427467,0
1765804721.5439794,0.09085977145365834,0.0,1,0,0.2900763358778626,0.0,2,0,0.0,177.19378863703704,-7.623224935192155,1.9209360604798258,0
1765804721.5760684,0.08162736928467862,0.0,1,0,0.29545454545454547,0.0,2,0,0.0,175.9115964410409,-3.630938848880632,1.8069759908185934,0
1765804721.5951605,0.09356717343771952,0.0,1,0,0.3007518796992481,0.0,2,0,0.0,178.10265709168073,-8.331792830433184,1.639809889560452,0
1765804721.6182094,0.09634579709056554,0.019984019174435787,1,0,0.30597014925373134,0.0,2,0,0.0,175.46841003662357,-7.929477510290404,3.1511975118231628,0
1765804721.6506069,0.10533896851651174,0.0,1,0,0.3111111111111111,0.0,2,0,0.0,175.50985738540166,-7.189628857906865,2.2515510934922793,0
1765804721.6834507,0.09964461352533133,0.0196078431372549,1,0,0.3161764705882353,0.0,2,0,0.0,177.0063923120833,-7.773186045627715,1.7777174837888765,0
1765804721.749249,0.09882175147242697,0.0,1,0,0.32116788321167883,0.0,2,0,0.0,177.58086436617597,-6.105742807640528,2.3465034392484725,0
1765804721.7893302,0.10493490855384811,0.0,1,0,0.32608695652173914,0.0,2,0,0.0,176.1784278542327,-7.402891566795842,1.8500892835097378,0
1765804721.8152232,0.11831525641116344,0.0,1,0,0.33093525179856115,0.0,2,0,0.0,178.15247196062833,-10.063057204195747,2.3224173648546267,0
1765804721.8417916,0.10470305110037087,0.0,1,0,0.3357142857142857,0.0,2,0,0.0,178.22478906042386,-9.093154533874324,2.2777856856597687,0
1765804721.8585267,0.091886583629203,0.0,1,0,0.3404255319148936,0.0,2,0,0.0,177.6257086105378,-8.757841370412978,2.4224367596044556,0
1765804721.8772187,0.08763002993827514,0.02039118475715464,1,0,0.34507042253521125,0.0,2,0,0.0,177.35686491814624,-10.283711048305939,2.5837234448815036,0
1765804721.9066775,0.11274792758034718,0.0,1,0,0.34965034965034963,0.0,2,0,0.0,176.51461235915087,-10.361362296907032,2.8950583661015,0
1765804721.956665,0.08906391133952488,0.0,1,0,0.3541666666666667,0.0,2,0,0.0,177.9719708769972,-8.20922082008818,2.1848171513178056,0
1765804722.0001624,0.08027781138599943,0.0,1,0,0.3586206896551724,0.0,2,0,0.0,177.133869162443,-7.084908103155305,2.0688440763373523,0
1765804722.0291617,0.09488396390632153,0.019230769230769232,1,0,0.363013698630137,0.0,2,0,0.0,175.2017992875349,-9.231875938514975,2.1472645880765624,0
1765804722.0609305,0.11991162271744582,0.0,1,0,0.3673469387755102,0.0,2,0,0.0,177.993807038544,-9.499371979663419,1.9524486678085984,0
1765804722.091362,0.0988383123436248,0.019230769230769232,1,0,0.3716216216216216,0.0,2,0,0.0,176.55683033934383,-8.657687930208793,2.6794738214082496,0
1765804722.1476197,0.07601697597575595,0.0,1,0,0.37583892617449666,0.0,2,0,0.0,177.66555757385285,-7.988717675378763,2.113590085714457,0
1765804722.178703,0.0917355488844601,0.0,1,0,0.38,0.0,2,0,0.0,175.0080728507926,-6.466617171312173,2.8003937231874603,0
1765804722.2083962,0.09081479143529433,0.0,1,0,0.3841059602649007,0.0,2,0,0.0,175.24189016685895,-8.21542177505711,2.9074540724330427,0
1765804722.2389176,0.11867707062700414,0.0,1,0,0.3881578947368421,0.0,2,0,0.0,176.81252440558035,-6.894458741450826,1.7010724623087825,0
1765804722.2691803,0.09252950857872033,0.01999600119960014,1,0,0.39215686274509803,0.0,2,0,0.0,176.94680531965216,-8.851579665118555,2.75596725065255,0
1765804722.3028622,0.08356449832223092,0.0,1,0,0.3961038961038961,0.0,2,0,0.0,177.0957863973711,-5.1815331680620345,1.781578169484073,0
1765804722.330219,0.07810327757385947,0.0,1,0,0.4,0.0,2,0,0.0,176.70439674454158,-7.91516760997888,2.4321049230190224,0
1765804722.3552752,0.09544877532226768,0.0,1,0,0.40384615384615385,0.0,2,0,0.0,176.22090412261997,-6.519342057947503,2.1079700354921416,0
1765804722.3875394,0.10775194027049714,0.0,1,0,0.40764331210191085,0.0,2,0,0.0,176.67846569326366,-7.448282094945745,1.8444899607461052,0
1765804722.4187057,0.08718431025661583,0.0,1,0,0.41139240506329117,0.0,2,0,0.0,177.51753767588968,-9.057694126347878,2.4065227144606824,0
1765804722.4526134,0.08563947496500192,0.019227214231343204,1,0,0.41509433962264153,0.0,2,0,0.0,176.14329078715608,-6.284816238645656,1.9314778496917624,0
1765804722.4843974,0.13242791446876812,0.01960407493444558,1,0,0.41875,0.0,2,0,0.0,176.90365981640144,-8.871207112580402,2.056382766885999,0
1765804722.5489795,0.08559084155391014,0.0,1,0,0.422360248447205,0.0,2,0,0.0,174.70479129471912,-6.852527216967109,2.731373679244402,0
1765804722.591111,0.09355620378815324,0.01960407493444558,1,0,0.42592592592592593,0.0,2,0,0.0,174.3938912347698,-4.981306029088897,2.5421596808530764,0
1765804722.6322765,0.1644626616280012,0.0196078431372549,1,0,0.4294478527607362,0.0,2,0,0.0,176.977587525674,-8.498628512465515,1.6964320218441504,0
1765804722.6740792,0.19596705961889138,0.0,1,0,0.4329268292682927,0.0,2,0,0.0,176.73681643646327,-10.318542649011006,2.756698623226036,0
1765804722.715498,0.22425489234749504,0.0,0,0,0.4303030303030303,0.0,3,0,0.0,179.04710615945888,-14.35887341548005,2.545062580959762,0
1765804722.755706,0.23885139812873762,0.0,0,0,0.42771084337349397,0.0,3,0,0.0,177.61678206117648,-10.48160413431072,2.7235047108859414,0
1765804722.7979915,0.24826201878814358,0.0,0,0,0.4251497005988024,0.0,3,0,0.0,176.890823269062,-13.242120437795721,2.842918210674512,0
1765804722.844382,0.27008592833159584,0.0,0,0,0.4226190476190476,0.0,3,0,0.0,178.25559763910184,-11.800851469870842,2.213357558912506,0
1765804722.8722515,0.27675198719837957,0.02,0,0,0.42011834319526625,0.0,3,0,0.0,178.63995268111833,-14.594181895838156,2.753361358794593,0
1765804722.898062,0.2987341096131959,0.0,0,0,0.4176470588235294,0.0,3,0,0.0,178.13032507387032,-12.07078788710121,2.316696240981252,0
1765804722.9268465,0.29576147121684604,0.0,0,0,0.4152046783625731,0.0,3,0,0.0,178.114253019174,-9.484366548763349,2.428601501794601,0
1765804722.953355,0.2935848509647061,0.0,0,0,0.4127906976744186,0.0,3,0,0.0,178.23195553065682,-5.428030246215062,1.7774921723388546,0
1765804722.9801388,0.28710823268348684,0.0,0,0,0.41040462427745666,0.0,3,0,0.0,177.909300477104,-10.633710494186223,2.401223627312833,0
1765804723.0054433,0.30317646884622884,0.0,0,0,0.40804597701149425,0.0,3,0,0.0,179.0539895052146,-8.329082589187255,2.206826735103856,0
1765804723.0301025,0.2978149571502736,0.0,0,0,0.4057142857142857,0.0,3,0,0.0,179.01431340046625,-9.173748440344346,2.2085324908287993,0
1765804723.055622,0.2952539399452564,0.0,0,0,0.4034090909090909,0.0,3,0,0.0,178.6737150893603,-10.07600458114573,2.1823069634221675,0
1765804723.0799766,0.31693797740406504,0.0,0,0,0.4011299435028249,0.0,3,0,0.0,-179.2312449361304,-12.70117983654686,2.1553594590486345,0
1765804723.1061082,0.3137273120953469,0.018515344006020947,0,0,0.398876404494382,0.0,3,0,0.0,179.6183770914786,-11.505991838654325,2.4421501820932376,0
1765804723.1322296,0.2967528355677255,0.0,0,0,0.39664804469273746,0.0,3,0,0.0,179.98414202895165,-11.281215445005957,2.0392921549278697,1
1765804723.1593564,0.31031814265263524,0.01815483105328993,0,0,0.39444444444444443,0.0,3,0,0.0,178.73066372999799,-12.95608782939055,3.211535150159319,1
1765804723.186549,0.306454749297578,0.0,0,0,0.39226519337016574,0.0,3,0,0.0,179.73880517124232,-11.401357381466681,2.0812303801652456,1
1765804723.2193246,0.32428165098040324,0.018515344006020947,0,0,0.3901098901098901,0.0,3,0,0.0,-179.685265378233,-13.335758383493857,2.12681739001293,0
1765804723.2514768,0.31865497319094116,0.0,0,0,0.3879781420765027,0.0,3,0,0.0,179.139726682557,-12.758965471017271,2.5840694019369423,0
1765804723.2841563,0.31618570378148336,0.018518518518518517,0,0,0.3858695652173913,0.0,3,0,0.0,179.76970970156341,-11.850771833092862,2.540054639045132,0
1765804723.315126,0.3235550695547489,0.0,0,0,0.3837837837837838,0.0,3,0,0.0,177.74790763337222,-7.788302112850979,2.3037126739508316,0
1765804723.3474815,0.3324459341025176,0.0,0,0,0.3817204301075269,0.0,3,0,0.0,179.38815722479208,-12.411488837663846,2.4887136458152583,0
1765804723.3946218,0.32339581563999675,0.01960407493444558,0,0,0.37967914438502676,0.0,3,0,0.0,179.54843521827493,-13.701498545529693,2.5438625654852376,0
1765804723.4417999,0.3227679028644699,0.0,0,0,0.3776595744680851,0.0,3,0,0.0,178.15516960581598,-13.695082812971352,2.5679958744437776,0
1765804723.4875712,0.3303527649189538,0.0,0,0,0.37566137566137564,0.0,3,0,0.0,177.18293744250028,-11.094869953942709,2.5796536527269662,0
1765804723.509918,0.2956734176121427,0.018867924528301886,0,0,0.3736842105263158,0.0,3,0,0.0,179.54417530072942,-15.417082962481366,1.8791362185867326,0
1765804723.5307019,0.31942826927332685,0.04,0,0,0.3717277486910995,0.0,3,0,0.0,179.10446729077916,-14.487628898908063,2.0965553246763915,0
1765804723.555847,0.2987612796668241,0.0,0,0,0.3697916666666667,0.0,3,0,0.0,178.79218587469117,-12.832177716992168,2.197038827088437,0
1765804723.5870657,0.3021560835737932,0.01999600119960014,0,0,0.36787564766839376,0.0,3,0,0.0,178.12171682622403,-14.163421725948709,2.2310721861208194,0
1765804723.6184878,0.3074733842226667,0.01960407493444558,0,0,0.36597938144329895,0.0,3,0,0.0,178.61115270433308,-14.047347632178823,1.6804126699844515,0
1765804723.6509833,0.33328386026030543,0.02,0,0,0.3641025641025641,0.0,3,0,0.0,178.68347989523974,-12.895700240378185,1.5866417661793586,0
1765804723.6835015,0.29775981816572916,0.029456390796994286,0,0,0.3622448979591837,0.0,3,0,0.0,178.35911775568817,-15.529073510369999,2.307483826762043,0
1765804723.7147002,0.24873280456861938,0.020403914662519312,0,0,0.3604060913705584,0.0,3,0,0.0,178.08665588373884,-17.855057680169676,1.674149442576618,0
1765804723.7638075,0.1447593040174178,0.0,1,0,0.36363636363636365,0.0,3,0,0.0,176.86894241485678,-11.187375577075189,1.008346421751679,0
1765804723.7962706,0.212118580329551,0.0,1,0,0.36683417085427134,0.0,3,0,0.0,-175.18410003089085,-29.582524122035203,178.38944101739605,0
1765804723.8329034,0.24047747345347747,0.0,0,0,0.365,0.0,4,0,0.0,-175.11610493547244,-28.353238692533306,178.19135458851744,0
1765804723.8594918,0.2582953888553725,0.062486441045507005,0,0,0.36318407960199006,0.0,4,0,0.0,-175.29684942752897,-28.022162690922176,178.7197797685575,0
1765804723.891592,0.28600140919153233,0.019227214231343204,0,0,0.3613861386138614,0.0,4,0,0.0,178.2388641073196,-13.04197728081549,1.809919741645254,0
1765804723.9229357,0.2894760798552086,0.0196078431372549,0,0,0.35960591133004927,0.0,4,0,0.0,178.69958403370535,-12.424804349964328,1.4931515786341962,0
1765804723.9544077,0.29274356381010086,0.0392156862745098,0,0,0.35784313725490197,0.0,4,0,0.0,179.08289567705194,-13.44098431508002,1.4856492791248208,0
1765804723.9860294,0.2862498944167221,0.03920814986889116,0,0,0.35609756097560974,0.0,4,0,0.0,178.54082352760426,-13.50089660246048,2.0692384424801564,0
1765804724.0188115,0.28960721895655384,0.01957400731715678,0,0,0.35436893203883496,0.0,4,0,0.0,177.65564710833667,-12.295440696026434,2.4642320306000185,0
1765804724.0518973,0.29863978607450625,0.058812224803336734,0,0,0.3526570048309179,0.0,4,0,0.0,179.30908532476894,-13.742047727036816,2.417854608335238,0
1765804724.083583,0.30879049802067604,0.019227214231343204,0,0,0.35096153846153844,0.0,4,0,0.0,178.22457490266495,-9.133874836894131,1.5714264488640675,0
1765804724.1318586,0.31411526833175707,0.06080179003104816,0,0,0.3492822966507177,0.0,4,0,0.0,177.80690145944996,-9.773721681845748,1.8629823106778087,0
1765804724.1632257,0.3024219742920353,0.02082881368183567,0,0,0.3476190476190476,0.0,4,0,0.0,-174.8362348852788,-29.25246588255228,179.4476790106225,0
1765804724.1941974,0.29642870425856005,0.0,0,0,0.3459715639810427,0.0,4,0,0.0,-175.27647813475673,-29.227236151881392,179.78448824313924,0
1765804724.227577,0.31645021174303856,0.0282842712474619,0,0,0.3443396226415094,0.0,4,0,0.0,178.66397580537432,-14.087537099429323,2.35719597180364,0
1765804724.2593122,0.3143691519321734,0.021257358312406823,0,0,0.3427230046948357,0.0,4,0,0.0,178.2935474306709,-15.799060130643817,2.6720779564419863,0
1765804724.2914705,0.3084262774084908,0.0,0,0,0.3411214953271028,0.0,4,0,0.0,177.02472422482825,-13.812997243704801,2.703265908125327,0
1765804724.3222702,0.3027503899301888,0.0,0,0,0.3395348837209302,0.0,4,0,0.0,179.33953073945506,-13.676457157886107,2.187143579567823,0
1765804724.3554244,0.30561800869977424,0.0,0,0,0.33796296296296297,0.0,4,0,0.0,177.80305064975124,-11.513724255430274,2.558889344006069,0
1765804724.3876388,0.32408404208094377,0.0,0,0,0.33640552995391704,0.0,4,0,0.0,178.50009222677076,-13.57801537819453,2.607673728205575,0
1765804724.4198058,0.3070891757968408,0.07402332101976053,0,0,0.3348623853211009,0.0,4,0,0.0,178.39993644740142,-10.436003683150208,2.629968880973535,0
1765804724.4516826,0.29878831934937555,0.02,0,0,0.3333333333333333,0.0,4,0,0.0,178.43684079678295,-12.698416048090037,2.41775093378085,0
1765804724.5006678,0.2955165787636595,0.039185566695354605,0,0,0.33181818181818185,0.0,4,0,0.0,178.05742994704195,-16.582416419400328,3.470097759637899,0
1765804724.532928,0.26629403975769594,0.01960407493444558,0,0,0.33031674208144796,0.0,4,0,0.0,178.8982931086516,-11.834887105369472,2.624239306820356,0
1765804724.5762885,0.22596498569169415,0.01960407493444558,0,0,0.32882882882882886,0.0,4,0,0.0,176.97309738898014,-12.463856223031458,3.10773613343036,0
1765804724.6072721,0.18500435460079173,0.0,1,0,0.33183856502242154,0.0,4,0,0.0,175.97800928230305,-11.57751836551386,4.8339004616021475,0
1765804724.6374068,0.1897502673227259,0.0,1,0,0.33482142857142855,0.0,4,0,0.0,175.4963986045428,-12.870753397248897,4.074820427951517,0
1765804724.6694505,0.19812690977138525,0.0,1,0,0.3377777777777778,0.0,4,0,0.0,175.98409014334715,-11.186201670758832,3.3405332829538583,0
1765804724.698911,0.21278856271331692,0.0,1,0,0.3407079646017699,0.0,4,0,0.0,177.25452794496692,-12.52709477907497,3.466449941802836,0
1765804724.7356439,0.21948456861200377,0.01960407493444558,1,0,0.3436123348017621,0.0,4,0,0.0,176.9951948935676,-11.004899377516868,3.6682877319070215,0
1765804724.7636273,0.22016611132977576,0.0,0,0,0.34210526315789475,0.0,5,0,0.0,176.8496837260764,-12.158177884724319,3.222171244742792,0
1765804724.7870948,0.24678728324447033,0.058812224803336734,0,0,0.3406113537117904,0.0,5,0,0.0,177.3338822126229,-10.702444915579157,3.4323441287849508,0
1765804724.8187044,0.20291540703366562,0.018864566947613626,1,0,0.34347826086956523,0.0,5,0,0.0,177.63245226094017,-11.862769782383687,3.164751179850627,0
1765804724.8665814,0.21177300282538225,0.0,1,0,0.3463203463203463,0.0,5,0,0.0,178.33090705605724,-13.085442122417275,3.1153869150748554,0
1765804724.8987076,0.21053917164046454,0.0,1,0,0.34913793103448276,0.0,5,0,0.0,176.24664925229058,-12.973256343649822,3.648182050443448,0
1765804724.931054,0.2382936660644199,0.0,0,0,0.34763948497854075,0.0,6,0,0.0,175.8839444908979,-11.39585994104522,3.3613384151584564,0
1765804724.962563,0.22082324957969618,0.0,0,0,0.34615384615384615,0.0,6,0,0.0,176.36283231567577,-8.612731304251433,3.2042149376329956,0
1765804724.9952936,0.23752896015685154,0.0,0,0,0.3446808510638298,0.0,6,0,0.0,176.9606978604755,-10.181049248956242,3.0097708951548143,0
1765804725.0275805,0.23093293810796287,0.0,0,0,0.3432203389830508,0.0,6,0,0.0,177.24281790748702,-8.717708617918374,2.6150947608118447,0
1765804725.0595536,0.22456870242399807,0.019227214231343204,0,0,0.34177215189873417,0.0,6,0,0.0,177.1198873862672,-12.008200456689169,3.4208147459189706,0
1765804725.0915031,0.21177233667534046,0.0,1,0,0.3445378151260504,0.0,6,0,0.0,177.16705218244226,-9.91718209385061,3.2283033493550604,0
1765804725.123124,0.24174320219241546,0.0,0,0,0.34309623430962344,0.0,7,0,0.0,176.95847712180623,-10.746223977019405,3.3732997627125156,0
1765804725.1541986,0.23554402956659498,0.0,0,0,0.3416666666666667,0.0,7,0,0.0,177.63268302960245,-10.378329829272696,2.663035534229196,0
1765804725.2028275,0.24002254891753805,0.0,0,0,0.34024896265560167,0.0,7,0,0.0,177.85106702926262,-11.299884402200611,2.980001045299993,0
1765804725.2353287,0.2519583328793985,0.0,0,0,0.33884297520661155,0.0,7,0,0.0,178.16861055038282,-12.016556835882195,2.4880043861972068,0
1765804725.267666,0.20725726498246272,0.0,1,0,0.34156378600823045,0.0,7,0,0.0,177.9019091953867,-10.68615582466955,2.6518391090765014,0
1765804725.299542,0.22550156907002739,0.0,0,0,0.3401639344262295,0.0,8,0,0.0,177.15634276712083,-8.732724640477949,3.1255769470374686,0
1765804725.3312116,0.2259181046582972,0.0,0,0,0.33877551020408164,0.0,8,0,0.0,176.76260640295902,-10.495843724162427,2.647682916368782,0
1765804725.362603,0.21288668953401918,0.0,1,0,0.34146341463414637,0.0,8,0,0.0,176.70238057150038,-12.058326183380526,3.115177924130804,0
1765804725.395199,0.20007481445392,0.0,1,0,0.3441295546558704,0.0,8,0,0.0,176.916373260443,-6.839266853046849,3.2100157166979333,0
1765804725.4270997,0.22876445872892837,0.0,0,0,0.34274193548387094,0.0,9,0,0.0,177.56262227555473,-11.101504879677737,3.1749395442413015,0
1765804725.459041,0.21238761706557646,0.018515344006020947,1,0,0.3453815261044177,0.0,9,0,0.0,176.4012479862995,-10.528451382360412,2.8560312923459326,0
1765804725.490532,0.2368477427809476,0.0,0,0,0.344,0.0,10,0,0.0,178.16248538714945,-11.699821190060344,2.654083057464599,0
1765804725.5231547,0.25157058101633734,0.0,0,0,0.3426294820717131,0.0,10,0,0.0,177.2144685826003,-12.881409520335557,3.285755881601195,0
1765804725.5704293,0.20298257926016153,0.0,1,0,0.34523809523809523,0.0,10,0,0.0,177.00556761118216,-11.043663698730262,2.8801365348654175,0
1765804725.603512,0.23323603257126002,0.0,0,0,0.3438735177865613,0.0,11,0,0.0,177.13632686834998,-11.315857024109853,2.887918025166349,0
1765804725.6352816,0.22443790706524597,0.0,0,0,0.3425196850393701,0.0,11,0,0.0,177.00075655747574,-12.143980292103663,3.684424614252188,0
1765804725.667949,0.23060244190363655,0.0,0,0,0.3411764705882353,0.0,11,0,0.0,177.32333189524311,-10.97646016140174,3.644402715825065,0
1765804725.698574,0.22295490334736145,0.02082881368183567,0,0,0.33984375,0.0,11,0,0.0,177.27297881301288,-11.799927655063538,3.8137271310590033,0
1765804725.7305968,0.19771277405968068,0.01817881366751496,1,0,0.3424124513618677,0.0,11,0,0.0,176.75203923854951,-7.917298388926921,2.684498785567038,0
1765804725.7633924,0.18438727680744582,0.019227214231343204,1,0,0.3449612403100775,0.0,11,0,0.0,178.38386268218628,-10.712638741567659,2.5200872069624407,0
1765804725.7955236,0.13008671290052204,0.0,1,0,0.3474903474903475,0.0,11,0,0.0,-176.42115934500524,-22.406156398263544,179.55069395694372,0
1765804725.827169,0.12467778131730349,0.018518518518518517,1,0,0.35,0.0,11,0,0.0,176.7990558048791,-9.292399168347735,2.244784412293755,0
1765804725.858337,0.1600956937242864,0.0,1,0,0.3524904214559387,0.0,11,0,0.0,175.76573326841665,-10.902197002597468,2.145175888703576,0
1765804725.8915422,0.1336048932699277,0.0,1,0,0.3549618320610687,0.0,11,0,0.0,176.23385402345465,-8.8736340411413,2.47988512408207,0
1765804725.9395456,0.11802767951765125,0.0,1,0,0.3574144486692015,0.0,11,0,0.0,176.48697819166603,-7.788386107268907,1.9933936764999103,0
1765804725.9715598,0.11428390074957266,0.018864566947613626,1,0,0.35984848484848486,0.0,11,0,0.0,175.80442183591794,-6.542474771463726,2.299745826753898,0
1765804726.00245,0.10351841430296391,0.0,1,0,0.3622641509433962,0.0,11,0,0.0,178.00084371138306,-5.874394179391287,2.23055187426104,0
1765804726.034443,0.14834703375127398,0.02719138713261855,1,0,0.36466165413533835,0.0,11,0,0.0,176.16801078235878,-9.058546698496581,1.6337608407654372,0
1765804726.0685225,0.08943621368851322,0.0,1,0,0.36704119850187267,0.0,11,0,0.0,176.73909026534315,-9.625691940796646,2.5523893509652997,0
1765804726.0992327,0.08479785440907336,0.0196078431372549,1,0,0.3694029850746269,0.0,11,0,0.0,178.73185191489577,-7.703299347890533,2.3485269373306337,0
1765804726.131249,0.10879630489419861,0.0,1,0,0.37174721189591076,0.0,11,0,0.0,175.91303752731193,-7.92131402639824,1.8659179871053424,0
1765804726.1630197,0.08809622251886662,0.0,1,0,0.37407407407407406,0.0,11,0,0.0,176.35200476722986,-7.653396048944278,2.512382363058991,0
1765804726.1954646,0.12408517836175474,0.018864566947613626,1,0,0.3763837638376384,0.0,11,0,0.0,176.90770245929178,-8.191112700773074,2.265224263769013,0
1765804726.2271116,0.07917070888223937,0.0,1,0,0.3786764705882353,0.0,11,0,0.0,176.11206660262116,-6.092370902062922,2.0990388435269254,0
1765804726.259626,0.12787417690354183,0.0,1,0,0.38095238095238093,0.0,11,0,0.0,176.07605133829887,-5.994073291216863,2.738705142147879,0
1765804726.307717,0.19807354862311954,0.0,1,0,0.38321167883211676,0.0,11,0,0.0,177.4852618496048,-10.85271346323803,2.530614919093019,0
1765804726.358315,0.24359369229567487,0.0,0,0,0.38181818181818183,0.0,12,0,0.0,178.65221166170684,-10.50990401295678,2.370987250505812,0
1765804726.38544,0.2799538951109405,0.0,0,0,0.3804347826086957,0.0,12,0,0.0,-179.34296562957527,-12.608230694941456,2.517945222259725,0
1765804726.4069571,0.2783009820154761,0.0,0,0,0.37906137184115524,0.0,12,0,0.0,178.16286134484602,-11.310691261587607,2.582144740637782,0
1765804726.434943,0.29459380143176184,0.019227214231343204,0,0,0.3776978417266187,0.0,12,0,0.0,179.74673107670367,-11.980475097924918,2.4874368552462984,0
1765804726.4669719,0.32516601690647073,0.0,0,0,0.3763440860215054,0.0,12,0,0.0,178.4914158438642,-11.002817892581351,2.738385345958057,0
1765804726.4985652,0.3368155695836069,0.0,0,0,0.375,0.0,12,0,0.0,178.02013714814845,-13.514956041564972,3.233754842070994,0
1765804726.5310183,0.31192838715655336,0.0,0,0,0.3736654804270463,0.0,12,0,0.0,178.40000005086878,-13.046169049299257,2.976368092428737,0
1765804726.5631092,0.3220686781441807,0.0,0,0,0.3723404255319149,0.0,12,0,0.0,178.31785686477963,-12.242852251196565,3.1126616219528755,0
1765804726.594644,0.3260982022132185,0.01960407493444558,0,0,0.3710247349823322,0.0,12,0,0.0,179.33177215642857,-13.877616307909365,3.168172969614139,0
1765804726.6265125,0.3339526707720417,0.019216561050602196,0,0,0.36971830985915494,0.0,12,0,0.0,177.5657688732928,-15.206491874904941,3.958198557083059,0
1765804726.6782818,0.3347738132538829,0.1345159273542154,0,0,0.3684210526315789,0.0,12,0,0.0,178.00928344033966,-13.583625604283748,2.9670836438119514,0
1765804726.7082043,0.33609139587406733,0.05768164269402962,0,0,0.36713286713286714,0.0,12,0,0.0,179.9435513770015,-14.440824844548324,3.1748119202235285,0
1765804726.7393332,0.31491381127907936,0.07837113339070921,0,0,0.36585365853658536,0.0,12,0,0.0,179.3360535326317,-13.731617980754844,3.444363441572757,0
1765804726.7712297,0.3250119213191862,0.03770900990025203,0,0,0.3645833333333333,0.0,12,0,0.0,177.78204108647952,-12.48724211845745,3.4364038535151282,0
1765804726.8043017,0.31786160396498364,0.11755670008606382,0,0,0.3633217993079585,0.0,12,0,0.0,-179.9609172457896,-15.892773847248638,3.3443630743555754,0
1765804726.8362522,0.3136095772861246,0.05768164269402962,0,0,0.3620689655172414,0.0,12,0,0.0,-179.1728247338834,-14.248651858307177,3.372954879512621,0
1765804726.8680353,0.32760655683640844,0.09608280525301098,0,0,0.36082474226804123,0.0,12,0,0.0,-179.44938982237883,-16.9379232403556,3.5781356848496593,0
1765804726.8987098,0.3228031216911798,0.1398881342210505,0,0,0.3595890410958904,0.0,12,0,0.0,-179.58300107931504,-17.30172595964477,3.6430962118491226,0
1765804726.9305613,0.33154869593417297,0.15381771385074564,0,0,0.3583617747440273,0.0,12,0,0.0,179.844472093861,-15.968757254779774,3.4037870851864604,0
1765804726.962661,0.33525021981325387,0.09608280525301098,0,0,0.35714285714285715,0.0,12,0,0.0,179.91842216737956,-16.911716376221943,3.2393844685603788,0
1765804727.0130873,0.32671099501513134,0.07837113339070921,0,0,0.3559322033898305,0.0,12,0,0.0,179.74374736857968,-19.029098826542697,3.7463419918693943,0
1765804727.0631225,0.23757671020346155,0.1385418996746149,0,0,0.3547297297297297,0.0,12,0,0.0,178.0132501267856,-19.01486994833397,4.270724706936282,0
1765804727.0910344,0.10204215026471011,0.12242348797511587,1,0,0.3569023569023569,0.0,12,0,0.0,175.39243199189792,-14.670983258503195,4.082639839919208,0
1765804727.1188288,0.2182809563411567,0.14812275204816758,1,0,0.35906040268456374,0.0,12,0,0.0,176.44774936579032,-18.202300730154526,4.86113338583472,0
1765804727.1479483,0.28929315734092903,0.07535108269687436,0,0,0.35785953177257523,0.0,13,0,0.0,175.91941914957852,-16.46230431580041,4.481756009109751,0
1765804727.1759467,0.28581119848831466,0.1284799519464513,0,0,0.3566666666666667,0.0,13,0,0.0,176.3832043758424,-13.928092142152552,4.456655089625966,0
1765804727.2035406,0.2990784269118616,0.11094003924504582,0,0,0.3554817275747508,0.0,13,0,0.0,176.0382730328287,-15.551705634315288,4.072229685579764,0
1765804727.2354372,0.3172822253993088,0.07261932421315972,0,0,0.3543046357615894,0.0,13,0,0.0,175.8768140920789,-16.69142220312049,4.6695793196541,0
1765804727.2668505,0.32143675950496076,0.14523864842631945,0,0,0.35313531353135313,0.0,13,0,0.0,175.53441304579476,-15.404046126286906,4.421600212534462,0
1765804727.2944593,0.32143675950496076,0.1270838173730295,0,0,0.3519736842105263,0.0,13,0,0.0,176.5891478998924,-15.41878745848922,4.386865082550116,0
1765804727.3313417,0.32236911573147875,0.16339347947960936,0,0,0.35081967213114756,0.0,13,0,0.0,174.10394875061706,-14.956779567431067,4.948858365721613,0
1765804727.3796282,0.32869839114377536,0.14535847242857194,0,0,0.34967320261437906,0.0,13,0,0.0,175.73228424158796,-16.029324669185183,4.841172172762083,0
1765804727.4115613,0.3172642022396368,0.15508024127900497,0,0,0.3485342019543974,0.0,13,0,0.0,175.0207701966109,-13.719944382196807,4.2801439674298685,0
1765804727.4433868,0.3267021215984423,0.16061188730585618,0,0,0.3474025974025974,0.0,13,0,0.0,174.95595724274506,-15.334876119343864,4.762676381177646,0
1765804727.4758058,0.3330585834827476,0.17023909256400477,0,0,0.34627831715210355,0.0,13,0,0.0,174.87377884208067,-14.523579172573093,4.334638272094602,0
1765804727.506632,0.3203712999911772,0.20440357608860033,0,0,0.34516129032258064,0.0,13,0,0.0,175.7062419114725,-16.94921950546173,4.8182605112484485,0
1765804727.539374,0.3326602558848416,0.16360932300763464,0,0,0.3440514469453376,0.0,13,0,0.0,175.60393559040259,-14.778022527618075,4.859141805394697,0
1765804727.5704474,0.3577791390944931,0.1270838173730295,0,0,0.34294871794871795,0.0,13,0,0.0,175.98327236996948,-16.431440014400664,4.597538164144529,0
1765804727.6037066,0.33933723442857705,0.17854296416882942,0,0,0.34185303514376997,0.0,13,0,0.0,174.80540302007887,-14.168693350278613,4.5502620899600785,0
1765804727.6330512,0.3491447282014298,0.19630341781826866,0,0,0.34076433121019106,0.0,13,0,0.0,174.72069963347477,-14.012186675184198,4.655454165171443,0
1765804727.661687,0.3270947602207037,0.178315737905373,0,0,0.3396825396825397,0.0,13,0,0.0,173.9176852509174,-14.82382013146167,5.217167920873859,0
1765804727.6914122,0.32472562513738873,0.1294300457858868,0,0,0.33860759493670883,0.0,13,0,0.0,175.7299646867027,-17.096698696041678,4.98751927102586,0
1765804727.7480936,0.32715752977628265,0.13784910335911552,0,0,0.33753943217665616,0.0,13,0,0.0,175.70948165950804,-13.420380984385238,4.760002392023401,0
1765804727.791911,0.30959639147340023,0.18260432104790977,0,0,0.33647798742138363,0.0,13,0,0.0,175.7299399581378,-14.959197172755205,4.827095984707829,0
1765804727.8205457,0.3241367786120367,0.1860769043427767,0,0,0.335423197492163,0.0,13,0,0.0,176.41326642707838,-16.56253674651292,4.513933963286909,0
1765804727.8426895,0.314481221510029,0.23956916291178687,0,0,0.334375,0.0,13,0,0.0,176.9479203416463,-18.15303745174899,4.7906176645646035,0
1765804727.875179,0.3264560249684356,0.20806997785572742,0,0,0.3333333333333333,0.0,13,0,0.0,176.85661107391755,-17.36935700214131,4.74660482536715,0
1765804727.9067054,0.3092534824825357,0.25055330204161874,0,0,0.33229813664596275,0.0,13,0,0.0,176.82836642461842,-17.08414091879989,4.849786697595394,0
1765804727.939098,0.3145696659538104,0.22466655154344362,0,0,0.33126934984520123,0.0,13,0,0.0,176.6752184209026,-17.934857665689027,5.039508162257025,0
1765804727.971318,0.11114210025171126,0.2498407135868874,1,0,0.3333333333333333,0.0,13,0,0.0,173.33078389008068,-15.499478663394141,5.134956572251563,0
1765804727.9928417,0.12114165293389281,0.27328749367096855,1,0,0.3353846153846154,0.0,13,0,0.0,173.57484956018746,-16.308976876712215,5.053076310119393,0
1765804728.0138848,0.07183441984547279,0.2535000889190519,1,0,0.3374233128834356,0.0,13,0,0.0,170.74084668092542,-14.53002345953458,5.642102043729515,0
1765804728.034054,0.058709856477994676,0.24608836533579312,1,0,0.3394495412844037,0.0,13,0,0.0,171.25343571554862,-13.88433515329056,4.971962482721131,0
1765804728.0694196,0.11925140913814405,0.2676864788430936,1,0,0.34146341463414637,0.0,13,0,0.0,171.50890611998588,-15.94861417861957,4.97111389811223,0
1765804728.148448,0.2427750307259013,0.2822162605150792,0,0,0.3404255319148936,0.0,14,0,0.0,174.81637268089983,-19.33608935715226,5.514972259637462,0
1765804728.1849387,0.2672989359897593,0.24008297792476327,0,0,0.3393939393939394,0.0,14,0,0.0,175.3331974359572,-17.251841208108758,5.085157540868001,0
1765804728.2162125,0.28032445944568707,0.2595196087975384,0,0,0.338368580060423,0.0,14,0,0.0,175.96263584748243,-17.09683343891793,5.023988444596106,0
1765804728.2485528,0.30005792425192257,0.26806733368597363,0,0,0.3373493975903614,0.0,14,0,0.0,176.38186809761913,-17.283311530217535,4.573438890832786,0
1765804728.2795575,0.3055456255545972,0.25047725146844113,0,0,0.33633633633633636,0.0,14,0,0.0,175.37169350671334,-19.075437618353515,4.760920404002969,0
1765804728.3094199,0.31497580964484295,0.23570226039551584,0,0,0.33532934131736525,0.0,14,0,0.0,178.02439848086152,-19.78681596148966,4.574621766776293,0
1765804728.3401663,0.29743499470870055,0.2726822050127244,0,0,0.33432835820895523,0.0,14,0,0.0,176.84838793505313,-16.931393741403763,3.931648747344152,0
1765804728.3705218,0.2905330243290226,0.27254713580357237,0,0,0.3333333333333333,0.0,14,0,0.0,176.62259183355383,-17.879189129490555,4.212134583267564,0
1765804728.4038656,0.3204956822672369,0.23249527748763857,0,0,0.3323442136498516,0.0,14,0,0.0,176.76188375543137,-16.315410460845197,4.608252257152606,0
1765804728.424893,0.28466399511887297,0.2884082134701481,0,0,0.33136094674556216,0.0,14,0,0.0,176.36100375658106,-17.042987373443243,4.755928000538845,0
1765804728.4450974,0.29849139201974784,0.263579838732807,0,0,0.3303834808259587,0.0,14,0,0.0,176.48002853823556,-16.95211260536666,4.733966074928762,0
1765804728.4837472,0.2799055312831149,0.2318104592769849,0,0,0.32941176470588235,0.0,14,0,0.0,175.3188229797236,-15.85256815240801,4.690710233785714,0
1765804728.549597,0.3100679294218772,0.254167634746059,0,0,0.3284457478005865,0.0,14,0,0.0,174.86223756641724,-16.902916658148943,5.525130185942868,0
1765804728.6004288,0.3028459438303406,0.19271572145013346,0,0,0.32748538011695905,0.0,14,0,0.0,175.66029543758117,-16.644154397534145,5.002115519117162,0
1765804728.648389,0.31644375670162966,0.2220699630592816,0,0,0.32653061224489793,0.0,14,0,0.0,175.53195690255353,-18.178853504224495,4.889487524832541,0
1765804728.6818652,0.2893242704037745,0.18837770674218593,0,0,0.32558139534883723,0.0,14,0,0.0,176.32927221112837,-17.446200711467526,4.893817245472201,0
1765804728.7093108,0.2919009894776581,0.1929460046430183,0,0,0.32463768115942027,0.0,14,0,0.0,175.77236680829876,-19.427176994426173,5.0670043976097405,0
1765804728.7362506,0.3039224926052725,0.06895526900337914,0,0,0.3236994219653179,0.0,14,0,0.0,177.61166088876894,-16.169530197417288,3.7591599550341175,0
1765804728.7659893,0.29740278880849336,0.06895526900337914,0,0,0.3227665706051873,0.0,14,0,0.0,177.79918639037527,-17.224158094241886,3.8472781612190845,0
1765804728.794054,0.2927328677706506,0.07099312444003765,0,0,0.3218390804597701,0.0,14,0,0.0,177.07875711218276,-18.231016678864773,4.5704073246374675,0
1765804728.8230917,0.3028459438303406,0.1354182738131065,0,0,0.3209169054441261,0.0,14,0,0.0,176.57177092971557,-17.805383025148622,4.746864617500172,0
1765804728.8516877,0.31680789469957654,0.0,0,0,0.32,0.0,14,0,0.0,178.56042029156484,-19.256356111142818,4.428553944931623,0
1765804728.8780913,0.30263755985963026,0.0,0,0,0.3190883190883191,0.0,14,0,0.0,179.76090988318032,-19.835574514888688,4.320090429697817,0
1765804728.9124048,0.30275586967378953,0.04833055142332259,0,0,0.3181818181818182,0.0,14,0,0.0,178.52112453377146,-15.741086564143194,4.719540795743643,0
1765804728.9476044,0.29157291202284774,0.0,0,0,0.31728045325779036,0.0,14,0,0.0,178.79681238961584,-14.158323049470354,4.041544222006542,1
1765804728.9782147,0.2927762700055071,0.11266898649643883,0,0,0.3163841807909605,0.0,14,0,0.0,178.7968269995798,-16.409958942880255,4.222702953566242,1
1765804729.0116541,0.2884269872675205,0.0,0,0,0.3154929577464789,0.0,14,0,0.0,178.36383243671514,-15.405104046289113,4.068430523681933,1
1765804729.0444012,0.29138161030512866,0.02174683980216301,0,0,0.3146067415730337,0.0,14,0,0.0,177.98098205187486,-12.372631277617868,3.664405087620928,1
1765804729.076314,0.29498864334472663,0.0,0,0,0.3137254901960784,0.0,14,0,0.0,176.7900146296733,-13.077719087210468,4.098105375707025,1
1765804729.1038327,0.3017062585309824,0.0,0,0,0.3128491620111732,0.0,14,0,0.0,177.63542028683202,-13.270215581443173,3.9581532325518514,1
1765804729.1315262,0.27342248906600913,0.0,0,0,0.31197771587743733,0.0,14,0,0.0,178.19252960677517,-15.27692890272018,4.087678623158741,1
1765804729.1601949,0.2285838488081302,0.0,0,0,0.3111111111111111,0.0,14,0,0.0,177.9516854462516,-14.91417406324411,4.1357082620033125,1
1765804729.1886601,0.07298668709235626,0.0,1,0,0.31301939058171746,0.0,14,0,0.0,175.54024555328283,-13.338589204667187,4.267318315664533,1
1765804729.2183647,0.09914583164038898,0.0,1,0,0.3149171270718232,0.0,14,0,0.0,173.44363373233648,-10.793447939126219,4.752967719724987,1
1765804729.252093,0.08319461727264003,0.0,1,0,0.3168044077134986,0.0,14,0,0.0,175.1977855073738,-12.771320463961587,4.329626295471373,1
1765804729.2831616,0.0692454917178948,0.0,1,0,0.31868131868131866,0.0,14,0,0.0,176.34349024172377,-13.838715322850733,4.285164891346445,1
1765804729.350795,0.07263049610115736,0.016373653066597823,1,0,0.32054794520547947,0.0,14,0,0.0,175.3519693819603,-13.03318520200983,3.6886951364417677,1
1765804729.3979335,0.06485102927586174,0.0,1,0,0.3224043715846995,0.0,14,0,0.0,174.35268425385667,-9.791693331257422,3.819568418720939,1
1765804729.4313602,0.07662413186240427,0.0,1,0,0.3242506811989101,0.0,14,0,0.0,175.98503024070703,-13.048973100476816,3.8491783708413414,1
1765804729.4550965,0.07039771085541377,0.0,1,0,0.32608695652173914,0.0,14,0,0.0,174.11674667572822,-11.811906741196875,3.783958273737974,1
1765804729.4780989,0.08670709532242935,0.015382795043203983,1,0,0.32791327913279134,0.0,14,0,0.0,175.6428269953485,-12.04363136297977,3.541350415846484,1
1765804729.500425,0.07245169188817961,0.0,1,0,0.32972972972972975,0.0,14,0,0.0,174.14436489951012,-11.822144196069173,4.2151587054186015,1
1765804729.5240023,0.10763281550970638,0.0,1,0,0.33153638814016173,0.0,14,0,0.0,174.32049094585128,-9.879884788459213,3.94191473579697,1
1765804729.5545628,0.04721219404417476,0.0,1,0,0.3333333333333333,0.0,14,0,0.0,175.7005522134704,-14.362171820288806,4.033027183628845,1
1765804729.5874536,0.07823751501552464,0.0,1,0,0.3351206434316354,0.0,14,0,0.0,176.22857934237013,-12.239914052357566,3.7852761987459567,1
1765804729.6188567,0.09932527947797223,0.01723113791988944,1,0,0.33689839572192515,0.0,14,0,0.0,176.18675247855919,-12.832841078187435,3.494337491498137,1
1765804729.6517682,0.10087638653941378,0.015617376188860606,1,0,0.33866666666666667,0.0,14,0,0.0,175.72930278072715,-10.301338332404969,3.6480619605578224,1
1765804729.6835089,0.09014293200814524,0.0,1,0,0.3404255319148936,0.0,14,0,0.0,175.66702351953538,-13.421117915904118,4.7459779960748705,1
1765804729.748228,0.06888390811671047,0.0,1,0,0.3421750663129973,0.0,14,0,0.0,173.45849322718,-10.704648261955567,3.928426982043369,1
1765804729.7936294,0.07022903165843865,0.0,1,0,0.3439153439153439,0.0,14,0,0.0,173.30550567758604,-10.452595783543838,4.091081241869391,1
1765804729.829318,0.07807321251647917,0.01723113791988944,1,0,0.34564643799472294,0.0,14,0,0.0,173.40679342913273,-11.77555270765498,4.359795350112774,1
1765804729.8553681,0.07924683947821089,0.0,1,0,0.3473684210526316,0.0,14,0,0.0,176.06857419705514,-10.373517602677625,4.1503528748473855,1
1765804729.8788111,0.08303574375993827,0.0,1,0,0.34908136482939633,0.0,14,0,0.0,176.5351564119396,-13.097089737355844,3.6072443840997432,1
1765804729.9058213,0.07436622073543372,0.0,1,0,0.3507853403141361,0.0,14,0,0.0,174.59690943014186,-14.066851852737104,4.446278958968836,1
1765804729.9309444,0.07495854145977454,0.0,1,0,0.3524804177545692,0.0,14,0,0.0,175.5397736610795,-12.538110556421467,4.518539768900771,1
1765804729.954398,0.057380304307617674,0.0,1,0,0.3541666666666667,0.0,14,0,0.0,172.83136296953052,-8.738116091686445,4.400564786113921,1
1765804729.9874368,0.07814406686190026,0.0,1,0,0.35584415584415585,0.0,14,0,0.0,176.1775136320584,-12.217155729026592,3.780999968749022,1
1765804730.0188408,0.06676430794610919,0.0,1,0,0.35751295336787564,0.0,14,0,0.0,174.5385528120795,-12.500867444250888,3.8845245784566327,1
1765804730.051268,0.09674497777107247,0.0,1,0,0.35917312661498707,0.0,14,0,0.0,175.41821618386615,-12.477723440515438,4.081540258396052,1
1765804730.082402,0.07233175316453966,0.0,1,0,0.36082474226804123,0.0,14,0,0.0,174.73096338108508,-13.371781474602338,4.843228374302258,1
1765804730.147977,0.054795973588469514,0.0,1,0,0.36246786632390743,0.0,14,0,0.0,175.97929851265494,-12.436407454696681,4.316052787052307,1
1765804730.191131,0.05420892834768608,0.0,1,0,0.3641025641025641,0.0,14,0,0.0,174.6577478552816,-11.9661502670959,4.306377744368822,1
1765804730.2276146,0.09482602058855048,0.0,1,0,0.3657289002557545,0.0,14,0,0.0,174.95251010412852,-10.94768797444781,3.4140315980334135,1
1765804730.265087,0.05361427437148559,0.0,1,0,0.3673469387755102,0.0,14,0,0.0,174.8752551506069,-11.329963685883994,3.862301156565974,1
1765804730.3008418,0.079691930776566,0.016939422832878557,1,0,0.36895674300254455,0.0,14,0,0.0,174.89026598569305,-11.813759529593408,4.18861104382242,1
1765804730.337388,0.08581452390052899,0.0,1,0,0.37055837563451777,0.0,14,0,0.0,175.08049115929774,-11.751636605723155,4.0675256251907665,1
1765804730.3731937,0.10586487951272541,0.0,1,0,0.3721518987341772,0.0,14,0,0.0,174.78643469659357,-10.997454967516319,4.014705897378486,1
1765804730.414611,0.09552158804155342,0.0,1,0,0.37373737373737376,0.0,14,0,0.0,174.97259781628526,-12.057627574610251,3.9322966329265627,1
1765804730.4510124,0.17366225178195208,0.0,1,0,0.37531486146095716,0.0,14,0,0.0,176.57911546968776,-13.372846288137875,3.8423230116324887,1
1765804730.489395,0.19257011840106303,0.0,1,0,0.3768844221105528,0.0,14,0,0.0,176.16729963894986,-12.215978247677292,3.9439053398793598,1
1765804730.5285208,0.2610193065774904,0.0,0,0,0.37593984962406013,0.0,15,0,0.0,177.08687978093295,-13.310016474432564,4.3225524107670035,1
1765804730.5540974,0.26848707241023445,0.0,0,0,0.375,0.0,15,0,0.0,177.62271068695483,-13.619187564818153,4.1494057504557755,1
1765804730.5777423,0.25105388652907695,0.0,0,0,0.3740648379052369,0.0,15,0,0.0,177.83287734984793,-14.766970320167053,4.3113413175251685,1
1765804730.6010194,0.26444057293299367,0.0,0,0,0.373134328358209,0.0,15,0,0.0,177.6543866415423,-13.6206213544565,4.263525879145419,1
1765804730.6250336,0.29804131932457734,0.0,0,0,0.37220843672456577,0.0,15,0,0.0,178.8461897962004,-15.541437541339299,4.383556598241783,1
1765804730.64897,0.2745504738560839,0.0,0,0,0.3712871287128713,0.0,15,0,0.0,178.5566167688545,-16.13334023356948,4.091292832815179,1
1765804730.6728566,0.2993698939015521,0.0,0,0,0.37037037037037035,0.0,15,0,0.0,178.2094327013728,-14.798733938396042,4.202438054704861,1
1765804730.6974251,0.2830564382410557,0.0,0,0,0.3694581280788177,0.0,15,0,0.0,177.96764011291557,-16.2393258022297,3.942495773956811,1
1765804730.7231958,0.28295244808105824,0.0,0,0,0.36855036855036855,0.0,15,0,0.0,178.33659993630974,-13.50550325405223,4.247924210127293,1
1765804730.7555277,0.27889816827605574,0.0,0,0,0.36764705882352944,0.0,15,0,0.0,179.00793860657583,-15.523390874655602,3.9591861009901526,1
1765804730.7873087,0.2849594328102079,0.0,0,0,0.36674816625916873,0.0,15,0,0.0,178.29551720528127,-14.341214213328469,3.732636429249741,1
1765804730.818805,0.2740151882819673,0.0161101838077742,0,0,0.36585365853658536,0.0,15,0,0.0,177.2760440493584,-13.837239987561478,4.524582848638358,1
1765804730.8515186,0.29586356040062706,0.01665741511631924,0,0,0.36496350364963503,0.0,15,0,0.0,178.07356525092462,-14.82606545781024,3.7712684283200266,1
1765804730.8838277,0.3056680307187733,0.0,0,0,0.3640776699029126,0.0,15,0,0.0,179.75963926717446,-16.465719508177703,4.269438006913224,1
1765804730.9144063,0.28327621842178596,0.0,0,0,0.36319612590799033,0.0,15,0,0.0,178.26650171621432,-15.171303219934282,3.9186512957386612,1
1765804730.9476523,0.2931559538722447,0.0,0,0,0.36231884057971014,0.0,15,0,0.0,176.94576874919483,-16.08823261730228,3.98317135900056,1
1765804730.995628,0.28898964656898657,0.01638463841038081,0,0,0.3614457831325301,0.0,15,0,0.0,178.38509700845634,-15.903738069609117,4.003757485611167,1
1765804731.0324874,0.2892242089294652,0.0,0,0,0.3605769230769231,0.0,15,0,0.0,177.6428707538736,-13.569273532534693,4.094210730598664,1
1765804731.0948324,0.2939795869714893,0.0,0,0,0.3597122302158273,0.0,15,0,0.0,177.7409458661339,-15.939389708202349,3.7984963265651612,1
1765804731.1506197,0.29062078234297717,0.0,0,0,0.3588516746411483,0.0,15,0,0.0,177.96764011291557,-16.2393258022297,3.942495773956811,1
1765804731.214902,0.2934607999118519,0.0,0,0,0.35799522673031026,0.0,15,0,0.0,177.23186526473492,-15.321507100134427,4.2960912260311055,1
1765804731.267029,0.2862918124993586,0.023557142371577276,0,0,0.35714285714285715,0.0,15,0,0.0,175.56551398836683,-13.222869189818883,3.9295760993618276,1
1765804731.3038878,0.28889325043643743,0.01665741511631924,0,0,0.35629453681710216,0.0,15,0,0.0,176.10599397184706,-11.990984621104605,3.8292865971779024,1
1765804731.3411803,0.2901995296808651,0.0,0,0,0.35545023696682465,0.0,15,0,0.0,174.6522447520663,-11.737841705783005,4.040636147561673,1
1765804731.381837,0.2892542082954269,0.0,0,0,0.3546099290780142,0.0,15,0,0.0,175.2941087316787,-10.380320636271074,3.6520501381176826,1
1765804731.425451,0.259883261859729,0.016645872314630744,0,0,0.35377358490566035,0.0,15,0,0.0,173.66770696114398,-10.37619400967099,3.830770067785918,1
1765804731.4649038,0.27428618468082855,0.0,0,0,0.35294117647058826,0.0,15,0,0.0,172.65810497951503,-13.028479712539449,4.842611407009971,1
1765804731.5008595,0.25488675471607436,0.017845765256206243,0,0,0.352112676056338,0.0,15,0,0.0,175.2622729549082,-13.358069601403386,3.4510745561827676,1
1765804731.5363886,0.11172324814915094,0.052558833122763673,1,0,0.35362997658079626,0.0,15,0,0.0,171.19740688743067,-9.666780121105916,3.7378346768971653,1
1765804731.577704,0.14766694671771577,0.09252915127470066,1,0,0.35514018691588783,0.0,15,0,0.0,172.9641614504211,-9.607744635284979,2.8341775777824174,1
1765804731.600922,0.20746928573654208,0.01815483105328993,1,0,0.35664335664335667,0.0,15,0,0.0,173.23982345343953,-9.536964048137227,2.966416634317867,1
1765804731.6255705,0.23686558640522515,0.03772913389522725,0,0,0.3558139534883721,0.0,16,0,0.0,172.4295781535306,-11.043028841408937,3.164077054690801,1
1765804731.6493752,0.23884251944143053,0.018505830254940132,0,0,0.35498839907192575,0.0,16,0,0.0,171.49751771288808,-7.647800181397805,2.3419556141507885,1
1765804731.6729367,0.2272317256057436,0.01817881366751496,0,0,0.3541666666666667,0.0,16,0,0.0,171.8996008636022,-7.077502558689625,1.7311210583354326,1
1765804731.6956832,0.26389604235570074,0.01960407493444558,0,0,0.3533487297921478,0.0,16,0,0.0,170.79189463928174,-7.505222879553386,1.7798741832748475,1
1765804731.7304196,0.2369995788896357,0.029462782549439483,0,0,0.35253456221198154,0.0,16,0,0.0,171.16010119874565,-8.133756300394124,1.6057561098311481,1
1765804731.7633603,0.25107330110651,0.20403914662519312,0,0,0.35172413793103446,0.0,16,0,0.0,170.81308295394814,-6.134127235860635,1.1429111751063108,1
1765804731.794623,0.24528789665711087,0.25614616867817247,0,0,0.35091743119266056,0.0,16,0,0.0,171.56192105390207,-12.82415805606599,2.1339606205503596,1
1765804731.8272145,0.2206205177421905,0.2916666666666667,0,0,0.3501144164759725,0.0,16,0,0.0,169.90318947692091,-5.538606246966079,1.4805950280129945,1
1765804731.859308,0.2643734937992912,0.2510309322088014,0,0,0.3493150684931507,0.0,16,0,0.0,169.91204076028777,-7.264427622468017,1.2091047526683631,1
1765804731.8913245,0.24171802656371982,0.08695652173913043,0,0,0.34851936218678814,0.0,16,0,0.0,167.51988657216884,-3.708573804983073,0.940252847867259,1
1765804731.923101,0.24147273190070812,0.11363636363636363,0,0,0.3477272727272727,0.0,16,0,0.0,168.29215815344836,-6.764608769935014,1.6325832790903445,1
1765804731.955228,0.2511876726686488,0.11624763874381927,0,0,0.3469387755102041,0.0,16,0,0.0,169.00902241339082,-7.25023460011502,2.090142645160616,1
1765804731.9862685,0.26960468507854024,0.11901388973144478,0,0,0.34615384615384615,0.0,16,0,0.0,169.3517121652786,-7.189086414739598,1.8861236313075982,1
1765804732.0188456,0.2559161129208709,0.09088562141317662,0,0,0.345372460496614,0.0,16,0,0.0,166.74648745225323,-7.261077774801704,2.0292620436210944,1
1765804732.0513806,0.2913606679981299,0.06976744186046512,0,0,0.34459459459459457,0.0,16,0,0.0,164.6693249712233,-4.106296903243419,2.00298898512834,1
1765804732.0985754,0.248958948074341,0.023249527748763855,0,0,0.3438202247191011,0.0,16,0,0.0,-166.11406198285923,-1.6751514373917804,-179.20786681011828,0
1765804732.1318917,0.2616329707433752,0.08886694914058754,0,0,0.3430493273542601,0.0,16,0,0.0,163.8675508586739,-6.510079661162768,2.756343436850635,0
1765804732.167049,0.2558406353284028,0.1874436852367535,0,0,0.3422818791946309,0.0,16,0,0.0,163.74244253116336,-5.721758588081517,2.1152195515683925,0
1765804732.2039697,0.27674023999189223,0.14269544824634822,0,0,0.34151785714285715,0.0,16,0,0.0,162.2198914074445,-5.282204612060775,2.883335377585871,0
1765804732.2411647,0.25043152607484653,0.2092457497388747,0,0,0.34075723830734966,0.0,16,0,0.0,162.5142140294658,-3.1639030675025217,1.6991714269491056,0
1765804732.281358,0.23935927326544953,0.20454545454545456,0,0,0.34,0.0,16,0,0.0,161.44404532040997,-3.5924439677554854,1.5810492719715772,0
1765804732.3204029,0.2445393380548453,0.18861292985952802,0,0,0.3392461197339246,0.0,16,0,0.0,159.95176733367433,-1.5307605346280977,0.4847228262212607,0
1765804732.3569915,0.23767877802363935,0.2617119612951069,0,0,0.33849557522123896,0.0,16,0,0.0,159.87533450099204,-2.430733097590166,2.1969011313682985,0
1765804732.3796659,0.2334232673432397,0.24569566818633318,0,0,0.33774834437086093,0.0,16,0,0.0,159.7854692026651,-2.3307930878302123,1.1145741504366333,0
1765804732.402539,0.2666639660686604,0.22448979591836735,0,0,0.3370044052863436,0.0,16,0,0.0,160.9469666991805,-4.11335142408284,2.0647777533410836,0
1765804732.4240115,0.25737478568023164,0.23610969762337836,0,0,0.3362637362637363,0.0,16,0,0.0,157.70241035170963,-4.050216622614598,2.6882322088533432,0
1765804732.46931,0.20542083008522596,0.2009975124224178,1,0,0.33771929824561403,0.0,16,0,0.0,157.27162210062275,-3.339436005036256,2.284487191597679,0
1765804732.4991863,0.12026583179896376,0.18865385704452953,1,0,0.33916849015317285,0.0,16,0,0.0,155.27027323415987,-3.9687061000805612,1.9003559457348727,0
1765804732.5300121,0.10684141048076037,0.0,1,0,0.3406113537117904,0.0,16,0,0.0,158.0172798337013,-2.9198648331399553,2.0250082125021875,0
1765804732.563182,0.14490969505217205,0.0,1,0,0.3420479302832244,0.0,16,0,0.0,160.01773101495345,-3.2962364526554246,2.343459927118998,0
1765804732.5950227,0.20603998544547614,0.08326108942436267,1,0,0.34347826086956523,0.0,16,0,0.0,158.52451629505825,-4.310920877758424,2.752555833101756,0
1765804732.626477,0.19461210782297186,0.20932698683794954,1,0,0.34490238611713664,0.0,16,0,0.0,160.10997638251695,-5.449480874543183,1.9025983490199248,0
1765804732.6592164,0.21875185642858608,0.1875,1,0,0.3463203463203463,0.0,16,0,0.0,159.60874625779212,-6.7547928784562785,2.097736382998614,0
1765804732.69189,0.21668993008044368,0.20403914662519312,1,0,0.34773218142548595,0.0,16,0,0.0,160.48817721217307,-4.965498904132516,-0.10221679659017795,0
1765804732.7221575,0.20884650268299804,0.048564293117863214,1,0,0.34913793103448276,0.0,16,0,0.0,163.61309455968063,-7.374043182514741,-0.7495738921108327,0
1765804732.7545652,0.23940947215101305,0.023782574707724703,0,0,0.34838709677419355,0.0,17,0,0.0,163.69733528323903,-4.889466345023186,-1.0419310507027848,0
1765804732.8029022,0.2327107485311612,0.023249527748763855,0,0,0.34763948497854075,0.0,17,0,0.0,164.19640401376756,-5.957094527003603,-0.4350168458442854,0
1765804732.8576276,0.22760119305551552,0.0,0,0,0.3468950749464668,0.0,17,0,0.0,163.57220484894103,-5.078591558708973,-0.28050679356448877,0
1765804732.9175808,0.2145826655907429,0.15551716099602822,1,0,0.3482905982905983,0.0,17,0,0.0,163.16512767965983,-8.421604010148076,-0.20186243541320514,0
1765804732.962824,0.20048366573298249,0.17911706231908875,1,0,0.34968017057569295,0.0,17,0,0.0,163.5124514155873,-6.6116833606212255,0.42525694618748766,0
1765804732.994553,0.21746655897621156,0.20937240877335186,1,0,0.35106382978723405,0.0,17,0,0.0,160.8650511858381,-6.7921344876105865,0.7882671598442247,0
1765804733.0280643,0.2160402490967258,0.1810714920850371,1,0,0.3524416135881104,0.0,17,0,0.0,158.50988807666667,-2.767890192495076,-0.2078340300209231,0
1765804733.0612652,0.21116643224470366,0.1741098299982895,1,0,0.3538135593220339,0.0,17,0,0.0,159.8619389164221,-3.4731243731772055,0.9133286439207872,0
1765804733.0932362,0.21220896979992027,0.2506922025246385,1,0,0.35517970401691334,0.0,17,0,0.0,158.37566307661456,-3.0134025722490674,1.0181511684582758,0
1765804733.1267889,0.20626803421077194,0.22719989771306218,1,0,0.35654008438818563,0.0,17,0,0.0,159.58199038177213,-3.505789446076514,0.5995859585971006,0
1765804733.160847,0.21236572234119933,0.22715946708764856,1,0,0.35789473684210527,0.0,17,0,0.0,161.40020295412987,-3.3608566127392296,1.6208902728839738,0
1765804733.1966043,0.20028595978067276,0.2180377086428579,1,0,0.3592436974789916,0.0,17,0,0.0,157.4076966811544,-1.9492227479134563,3.0510642486211808,0
1765804733.2187364,0.22175682934444807,0.23574101128116945,0,0,0.3584905660377358,0.0,18,0,0.0,160.90068234868642,-4.289146847190635,3.6741818115387734,0
1765804733.2417364,0.23291883114375017,0.2141491830744749,0,0,0.3577405857740586,0.0,18,0,0.0,158.56692442258066,-6.134581458421048,3.9628824322299647,0
1765804733.2649434,0.19576304705769093,0.18633365116166412,1,0,0.35908141962421714,0.0,18,0,0.0,157.76423468302633,-3.684208676803979,3.2878661364399338,0
1765804733.286604,0.21043687036157782,0.14991673604687314,1,0,0.36041666666666666,0.0,18,0,0.0,159.66533456311066,-3.750822446854779,3.692571182888005,0
1765804733.3091106,0.221162672140439,0.21515557750587072,0,0,0.3596673596673597,0.0,19,0,0.0,160.28969572134534,-4.815050118791205,4.0562415244297885,0
1765804733.3330657,0.21183551649621646,0.21832400154313186,1,0,0.36099585062240663,0.0,19,0,0.0,162.9552283278064,-5.145324056361242,4.664162126117759,0
1765804733.363574,0.24037061093961912,0.2644002779702599,0,0,0.36024844720496896,0.0,20,0,0.0,161.13155136786892,-2.712181996944144,4.633433426009124,0
1765804733.3949788,0.21783479194742167,0.22819916215405178,1,0,0.3615702479338843,0.0,20,0,0.0,162.16448893435256,-3.997116723966126,3.9125927225824744,0
1765804733.4269304,0.2160960075474887,0.23905753914062677,1,0,0.3628865979381443,0.0,20,0,0.0,163.70428941491144,-1.8720209808917285,4.353519874143203,0
1765804733.4594932,0.22367613795691504,0.21614527152803173,0,0,0.36213991769547327,0.0,21,0,0.0,163.75151427351727,-2.7619514087567767,4.75707321543709,0
1765804733.4914808,0.2340151741665682,0.2759338738945093,0,0,0.3613963039014374,0.0,21,0,0.0,164.89394162509336,-2.820518101658129,4.052602241773951,0
1765804733.5386136,0.22498744266789167,0.25607375986579195,0,0,0.36065573770491804,0.0,21,0,0.0,165.16491422840238,-2.568311677523383,4.243524600883532,0
1765804733.570554,0.22166388406799653,0.2354157792682009,0,0,0.35991820040899797,0.0,21,0,0.0,167.01451402409646,-4.341167916144685,4.5820742587641945,0
1765804733.603407,0.1958779113898066,0.21695009219963665,1,0,0.36122448979591837,0.0,21,0,0.0,168.29164728359072,-2.004120015679479,3.9322137050648243,0
1765804733.6346097,0.20547874422838713,0.22863588570267557,1,0,0.3625254582484725,0.0,21,0,0.0,169.25867946106143,-2.732984018361965,4.6492361833446525,0
1765804733.6677144,0.20796100455373462,0.20746675114386082,1,0,0.3638211382113821,0.0,21,0,0.0,167.51653494290557,-0.13851456860609215,3.9031784425379037,0
1765804733.699208,0.2229859421068316,0.24405062201170194,0,0,0.3630831643002028,0.0,22,0,0.0,168.94566604774607,-0.3720401263822546,4.191518318034548,0
1765804733.730533,0.21199887093861108,0.2087653038290407,1,0,0.3643724696356275,0.0,22,0,0.0,167.30819442859243,0.8316024308975334,4.576131932450796,0
1765804733.7640553,0.2021849565921883,0.2222803987152962,1,0,0.3656565656565657,0.0,22,0,0.0,169.89465659497625,0.8670775373992538,3.302667239550687,0
1765804733.8126297,0.20341429253042498,0.19356729077295673,1,0,0.36693548387096775,0.0,22,0,0.0,169.5727398959014,1.8830811353320487,3.7289590537350414,0
1765804733.8610194,0.18704454965311346,0.19121904145427987,1,0,0.3682092555331992,0.0,22,0,0.0,169.08128122813608,2.0540283675041144,3.719990195457733,0
1765804733.9044147,0.20960958415546932,0.19161123844073363,1,0,0.36947791164658633,0.0,22,0,0.0,169.18469552596807,1.2567196333757822,3.8193247083302717,0
1765804733.9547725,0.21393809382420054,0.18753494065379123,1,0,0.37074148296593185,0.0,22,0,0.0,168.10332804655107,1.8683215530539552,3.8459318787054806,0
1765804733.992033,0.21814384669837872,0.17399561157458554,1,0,0.372,0.0,22,0,0.0,170.9162512875863,0.24639391708938066,3.9446011698876324,0
1765804734.023608,0.2346371307603985,0.19356729077295673,0,0,0.3712574850299401,0.0,23,0,0.0,171.02192708354892,-0.27695203071543695,4.272726483645045,0
1765804734.0514305,0.16293127260092602,0.1731318481555196,1,0,0.37250996015936255,0.0,23,0,0.0,169.52818844867917,0.7431998648487297,4.257741421765487,0
1765804734.0801542,0.0858033103980265,0.17900893523795855,1,0,0.37375745526838966,0.0,23,0,0.0,166.82171431256833,1.856948858982331,4.442678503086081,0
1765804734.1074152,0.08585572839787214,0.18379094097332385,1,0,0.375,0.0,23,0,0.0,166.35187025675384,1.8718026347744037,4.6103891714117475,0
1765804734.1356556,0.08366837962437258,0.17129524428744325,1,0,0.37623762376237624,0.0,23,0,0.0,166.48200405109665,2.003063532057575,4.2106982336519145,1
1765804734.1644938,0.09820974115741708,0.18753494065379123,1,0,0.3774703557312253,0.0,23,0,0.0,165.0712609185433,2.2674141892548967,4.0516021396318855,1
1765804734.1915073,0.12072106629144391,0.16684710048227216,1,0,0.378698224852071,0.0,23,0,0.0,167.4987232983987,2.3619338217803496,3.6962761889046147,1
1765804734.22094,0.11885282676304802,0.19389369719413457,1,0,0.3799212598425197,0.0,23,0,0.0,166.23352439560253,1.949398725452695,4.528666382316657,1
1765804734.2487257,0.11585175219824723,0.18560674071959563,1,0,0.381139489194499,0.0,23,0,0.0,163.84758369553552,2.8167708790772545,3.9918079435163842,1
1765804734.2761996,0.10462189648045296,0.19151390522457784,1,0,0.38235294117647056,0.0,23,0,0.0,166.87741261311967,0.4752210341590485,3.987422106696491,1
1765804734.3081865,0.11885747737258949,0.19809389796741372,1,0,0.3835616438356164,0.0,23,0,0.0,166.29482088602043,1.1491259958329882,3.9364218801002977,1
1765804734.339291,0.11361415668427449,0.17723565763192756,1,0,0.384765625,0.0,23,0,0.0,165.45091325708896,3.4800933513891077,3.15232986237117,1
1765804734.3704023,0.15399559662456955,0.18560674071959563,1,0,0.38596491228070173,0.0,23,0,0.0,166.73563937336326,1.3222720493531313,4.163667780204763,1
1765804734.404315,0.11946434338286505,0.19792233236374934,1,0,0.38715953307393,0.0,23,0,0.0,166.48003867032602,0.32512858217234647,4.159691996596916,1
1765804734.4355369,0.10763303020778962,0.19362570301326162,1,0,0.3883495145631068,0.0,23,0,0.0,166.22145495091024,0.8405326909525301,3.668024402244251,1
1765804734.4680707,0.1202208853358209,0.1753279128960698,1,0,0.38953488372093026,0.0,23,0,0.0,165.4384374638158,0.6070704733104539,3.8587277172738363,1
1765804734.5005043,0.13596458561823382,0.18762632948158253,1,0,0.390715667311412,0.0,23,0,0.0,169.50877576974324,0.8133564790201205,3.645984690562853,1
1765804734.5308099,0.1323776455254898,0.19161123844073363,1,0,0.3918918918918919,0.0,23,0,0.0,168.52652962851064,1.83444984988379,3.367260700679673,1
1765804734.5637002,0.10492240169917397,0.1718737701021865,1,0,0.3930635838150289,0.0,23,0,0.0,168.7722917570442,3.017391193247098,3.771880259993539,1
1765804734.6128292,0.10622904183563249,0.17138230176256047,1,0,0.3942307692307692,0.0,23,0,0.0,168.28398801541567,2.424888384728344,3.929227031125409,1
1765804734.658506,0.08596468357988557,0.19282220137890319,1,0,0.39539347408829173,0.0,23,0,0.0,170.45381809947736,1.9233051860166117,3.8120416282070044,1
1765804734.7084296,0.1111775698469227,0.17541160386140583,1,0,0.39655172413793105,0.0,23,0,0.0,169.60889757309565,0.37061754376679695,4.0881387089375805,1
1765804734.7477908,0.13722936181318793,0.17714932988124055,1,0,0.3977055449330784,0.0,23,0,0.0,167.59367778688275,0.8382893574486895,3.9303479115689988,1
1765804734.7762678,0.12748092930514238,0.18655042483992781,1,0,0.3988549618320611,0.0,23,0,0.0,168.12352997916875,-0.3262335585582176,3.879965588969652,1
1765804734.8021185,0.12951935517706117,0.1789002443501403,1,0,0.4,0.0,23,0,0.0,167.75242203814403,1.8916799044653696,4.5108417929602815,1
1765804734.8304534,0.15284442341098015,0.18762632948158253,1,0,0.4011406844106464,0.0,23,0,0.0,167.63937771754928,0.8415338419052387,4.254948757424457,1
1765804734.8595572,0.11271951158445945,0.18967130721839534,1,0,0.40227703984819735,0.0,23,0,0.0,169.74127861694836,-0.05272263942657726,3.5471786051975114,1
1765804734.888173,0.1316797209962043,0.18284761083887813,1,0,0.4034090909090909,0.0,23,0,0.0,166.27233112459817,0.6057188821001499,3.9997040665938433,1
1765804734.91546,0.13713621613136479,0.1809079409692794,1,0,0.4045368620037807,0.0,23,0,0.0,166.0635418248804,1.0459717084661595,4.099450266659013,1
1765804734.9430146,0.10751874742895601,0.180687545655458,1,0,0.4056603773584906,0.0,23,0,0.0,166.82716504434578,1.032697862212543,4.033529573174158,1
1765804734.9784093,0.11698547831330955,0.18099988391045652,1,0,0.4067796610169492,0.0,23,0,0.0,166.93422468400342,0.5682783128064014,3.741918356521131,1
1765804735.0106084,0.13445650958512478,0.1904709233922381,1,0,0.40789473684210525,0.0,23,0,0.0,165.85032728599117,1.3863372820113466,3.702544212612724,1
1765804735.0425553,0.10623174714086059,0.18009172877352447,1,0,0.4090056285178236,0.0,23,0,0.0,165.97501403123925,1.0033324532059364,3.8535328920987095,1
1765804735.0753062,0.09577102215382909,0.19168704473804954,1,0,0.4101123595505618,0.0,23,0,0.0,167.1633750742401,1.8751033785863072,3.476190316209506,1
1765804735.1076503,0.10408622427324898,0.20222441261923757,1,0,0.411214953271028,0.0,23,0,0.0,166.72428951187547,-0.5439063724059583,4.1778544956829595,1
1765804735.1380293,0.12197093909327676,0.18959786643512783,1,0,0.4123134328358209,0.0,23,0,0.0,167.11621143803532,1.2062252774093012,3.9759864206717723,1
1765804735.1715922,0.09860889291070618,0.19801878313652474,1,0,0.4134078212290503,0.0,23,0,0.0,164.98483164828818,1.3924306384403884,4.10860876926675,1
1765804735.203479,0.09037896586486063,0.1809079409692794,1,0,0.4144981412639405,0.0,23,0,0.0,165.21168650883652,1.9675434904501443,3.762337677268618,1
1765804735.223924,0.09477517351384634,0.19356729077295673,1,0,0.4155844155844156,0.0,23,0,0.0,165.67041349746242,1.2102950044469043,3.8347303558599415,1
1765804735.2439032,0.09901339354373584,0.180795756312063,1,0,0.4166666666666667,0.0,23,0,0.0,165.99168126298164,1.4773341741051762,4.31059405792452,1
1765804735.2671232,0.07770599063215228,0.2000995217488955,1,0,0.4177449168207024,0.0,23,0,0.0,164.16796088828707,1.6875393818300546,4.466463130131801,1
1765804735.3494701,0.14405045004557182,0.20017703035110185,1,0,0.4188191881918819,0.0,23,0,0.0,166.98788346570112,0.6298789396271102,4.075846612632568,1
1765804735.400752,0.17485398560029225,0.19161123844073363,1,0,0.4198895027624309,0.0,23,0,0.0,166.7377948805473,1.1705366883333876,3.8046145004349787,1
1765804735.443605,0.1918845853131233,0.17723565763192756,1,0,0.4209558823529412,0.0,23,0,0.0,170.90778126044015,-0.6198492459909484,3.68472967885181,1
1765804735.4873443,0.21945105427527978,0.1751089088923656,1,0,0.42201834862385323,0.0,23,0,0.0,172.0666838632614,0.3078039634778126,3.6414124804488854,1
1765804735.5222344,0.2109521486153897,0.17806326198244307,1,0,0.4230769230769231,0.0,23,0,0.0,170.64553375890918,0.7779078530796035,4.1161234046053465,1
1765804735.544384,0.19421939036480068,0.1956651200487081,1,0,0.42413162705667273,0.0,23,0,0.0,170.61092813205062,1.745361600621744,3.9414723812107506,1
1765804735.5636516,0.18471727145920752,0.1956651200487081,1,0,0.4251824817518248,0.0,23,0,0.0,170.4770368589786,2.053177081191603,3.842908345194491,1
1765804735.5852625,0.20688562340216454,0.17607159416730916,1,0,0.4262295081967213,0.0,23,0,0.0,169.85874390096458,0.9204187849289578,3.624821520999406,1
1765804735.6041718,0.20441416780849,0.18709093377689032,1,0,0.42727272727272725,0.0,23,0,0.0,168.58991900962675,0.3581794458406452,3.2075805077188053,1
1765804735.6235,0.18928664170533135,0.2095684110712273,1,0,0.4283121597096189,0.0,23,0,0.0,170.28905245188446,0.7265887576213783,2.8523424168104516,1
1765804735.645506,0.20856482462777287,0.17666680129481138,1,0,0.42934782608695654,0.0,23,0,0.0,168.09163368786594,0.3015767334059529,3.874806323334927,1
1765804735.6672978,0.22048750955633672,0.2097327428893215,0,0,0.42857142857142855,0.0,24,0,0.0,165.37559495532383,1.8679295099903823,3.6673215416495326,1
1765804735.749276,0.1953617413100463,0.19229188987598744,1,0,0.4296028880866426,0.0,24,0,0.0,160.85239042260423,1.3663969202572908,2.135143498011076,1
1765804735.8078864,0.21298383392795323,0.2081976563880701,1,0,0.4306306306306306,0.0,24,0,0.0,158.38142448480187,1.843498437057228,1.4744176184560118,1
1765804735.86581,0.20999419377498754,0.19735133805428284,1,0,0.4316546762589928,0.0,24,0,0.0,158.46013452987825,0.9877468657584083,2.0141517045075776,1
1765804735.905086,0.1944158475747683,0.17617857390509126,1,0,0.4326750448833034,0.0,24,0,0.0,157.73959961487117,0.4773637485023304,1.9209923973379457,1
1765804735.9358861,0.1931586862913075,0.21171557038853445,1,0,0.4336917562724014,0.0,24,0,0.0,156.68361016083108,0.7614905392806592,1.6309809440030338,1
1765804735.9604857,0.19915614379551572,0.23128148274419857,1,0,0.4347048300536673,0.0,24,0,0.0,159.59714441255417,-1.7787907516252035,1.078703205326958,1
1765804735.9862692,0.19522258414928678,0.238593696775623,1,0,0.4357142857142857,0.0,24,0,0.0,158.7726801137516,-1.795019941356131,1.57182447598128,1
1765804736.0157194,0.20749459973470577,0.2419040207739011,1,0,0.43672014260249553,0.0,24,0,0.0,158.92377354391044,-1.8443862435417364,1.4214877353595494,1
1765804736.039939,0.22229706983959194,0.24641437252652504,0,0,0.4359430604982206,0.0,25,0,0.0,157.6179259282966,-3.7705706447289575,1.1925470826334514,1
1765804736.0669887,0.18566365143057534,0.21311475409836064,1,0,0.4369449378330373,0.0,25,0,0.0,157.07423933657276,-3.694311073737886,1.773334933979731,1
1765804736.0910108,0.21125328207791033,0.23389533091996384,1,0,0.4379432624113475,0.0,25,0,0.0,156.1013828756027,-2.056076931294435,0.8492780525705159,1
1765804736.112092,0.20394460979684834,0.12626906806902635,1,0,0.4389380530973451,0.0,25,0,0.0,158.65296689514182,-5.311475881752278,1.9888532832227535,1
1765804736.14726,0.20177281017001228,0.21499419894168834,1,0,0.43992932862190814,0.0,25,0,0.0,156.99257572141164,-4.5438501119318095,1.2668685834555355,1
1765804736.1791239,0.1914452458438382,0.14658650451451907,1,0,0.4409171075837742,0.0,25,0,0.0,154.85068181918538,-5.731002419463326,1.5592618148253832,1
1765804736.2099223,0.18505838511585987,0.23152631865342044,1,0,0.44190140845070425,0.0,25,0,0.0,154.78934838727727,-7.201598051844073,1.3732281810015912,1
1765804736.244707,0.20461063987345296,0.22641509433962265,1,0,0.4428822495606327,0.0,25,0,0.0,155.517198576109,-7.9970343928981364,1.133485830282294,1
1765804736.2776887,0.19938782501066038,0.10416666666666667,1,0,0.443859649122807,0.0,25,0,0.0,156.06635905142016,-8.148148164629806,1.5611629856101834,1
1765804736.3072536,0.2148490792840159,0.057692307692307696,1,0,0.4448336252189142,0.0,25,0,0.0,154.20929507754167,-6.341921739769126,1.5199108800380015,1
1765804736.3278859,0.20241111440639104,0.02,1,0,0.4458041958041958,0.0,25,0,0.0,155.17544986548205,-6.706899136857251,1.4957118898318138,1
1765804736.351259,0.19106178852605843,0.23524889921334693,1,0,0.4467713787085515,0.0,25,0,0.0,154.5899530913888,-7.48528987971495,2.015158367832564,1
1765804736.3733015,0.19316064708362882,0.1999600119960014,1,0,0.44773519163763065,0.0,25,0,0.0,153.40230277847004,-9.70854253308437,2.1524747251532004,1
1765804736.419296,0.1715961572686539,0.04563404035713857,1,0,0.44869565217391305,0.0,25,0,0.0,153.5063785623137,-8.38852114993583,1.766130655269962,1
1765804736.4513006,0.208764902116705,0.17304492808208885,1,0,0.4496527777777778,0.0,25,0,0.0,152.43037009610134,-5.957490542400798,1.8889144775727678,1
1765804736.4825404,0.19384359945213703,0.1836352319626738,1,0,0.4506065857885615,0.0,25,0,0.0,153.04760329998905,-8.760944900959148,2.761904397493315,1
1765804736.5471313,0.16566064228396205,0.11762444960667347,1,0,0.4515570934256055,0.0,25,0,0.0,149.59099619316484,-6.813091221578575,2.1182614311929253,1
1765804736.579087,0.15871255445238425,0.019984019174435787,1,0,0.4525043177892919,0.0,25,0,0.0,151.1593560909701,-10.057944488493426,3.4695842476029664,1
1765804736.611936,0.19467664187942074,0.04381079543383235,1,0,0.453448275862069,0.0,25,0,0.0,150.30286970324352,-11.284353742021901,3.3085990320356182,1
1765804736.665633,0.19089514582659167,0.1740133613437335,1,0,0.45438898450946646,0.0,25,0,0.0,151.85685116228814,-12.996420564865225,4.096170272078248,1
1765804736.7143774,0.22664027400044068,0.021233384741779292,0,0,0.4536082474226804,0.0,26,0,0.0,155.16090369039003,-15.587165724301054,5.1291051772149165,1
1765804736.7571373,0.23428672181092808,0.029405406092748727,0,0,0.4528301886792453,0.0,26,0,0.0,155.80123356444662,-14.69109858974926,4.921132832158226,1
1765804736.7848232,0.2332488601496289,0.06237828615518053,0,0,0.4520547945205479,0.0,26,0,0.0,154.797626939108,-15.758494775924003,6.067085624270825,1
1765804736.8122144,0.262809736842223,0.04068100472745339,0,0,0.4512820512820513,0.0,26,0,0.0,151.80530581083633,-16.808542546791575,6.4311844473970945,1
1765804736.8410876,0.2540041403347456,0.06102150709118008,0,0,0.45051194539249145,0.0,26,0,0.0,150.52481222386953,-17.93658822892751,7.441362890102588,1
1765804736.8704424,0.21705828960009543,0.06102150709118008,1,0,0.4514480408858603,0.0,26,0,0.0,149.48647273689025,-17.284877711063444,7.801935958441385,1
1765804736.898879,0.22443573085074936,0.3241098412066635,0,0,0.45068027210884354,0.0,27,0,0.0,151.3853239511511,-20.469754021056804,8.673549178268022,1
1765804736.928069,0.22049050061526887,0.17910669423779804,0,0,0.44991511035653653,0.0,27,0,0.0,152.52525140883867,-18.859824209923307,7.706408182531388,1
1765804736.9553251,0.22075254937440836,0.030628194591584446,0,0,0.4491525423728814,0.0,27,0,0.0,152.28562806201336,-21.869171661094846,7.575527034209364,1
1765804736.9833527,0.23941040202518377,0.08834522085987723,0,0,0.44839255499153974,0.0,27,0,0.0,150.6502130371498,-21.739254234941328,9.234908315160439,1
1765804737.0106611,0.2128450488396464,0.06930051490473862,1,0,0.44932432432432434,0.0,27,0,0.0,151.55751245796532,-24.98075045576442,9.121839707340515,1
1765804737.0415084,0.2097337186751888,0.13251783128981584,1,0,0.4502529510961214,0.0,27,0,0.0,151.16123513915738,-24.22396306967011,9.043020210333152,1
1765804737.0611424,0.2413339390472387,0.031234752377721213,0,0,0.4494949494949495,0.0,28,0,0.0,149.97933830643757,-21.67460187529107,8.906081386942377,1
1765804737.0806515,0.266290933972429,0.04503773491110449,0,0,0.44873949579831934,0.0,28,0,0.0,151.4041004708182,-22.519322606831683,9.825228213122704,1
1765804737.106508,0.24593899992209928,0.16966595639135473,0,0,0.44798657718120805,0.0,28,0,0.0,149.2111858981004,-24.828407539093295,10.589108473367533,1
1765804737.1544094,0.24154284894677652,0.0618458113164551,0,0,0.4472361809045226,0.0,28,0,0.0,151.14632817880178,-23.71182337457434,10.45501304681408,1
1765804737.187663,0.2253053630671225,0.044054573363672654,0,0,0.44648829431438125,0.0,28,0,0.0,150.64722116025428,-22.78360365619299,9.954911538965847,1
1765804737.225351,0.24996545724333147,0.0,0,0,0.44574290484140233,0.0,28,0,0.0,151.77664207518197,-24.803907478553295,10.211256816687273,1
1765804737.262616,0.24172743920047224,0.0631334156094777,0,0,0.445,0.0,28,0,0.0,150.1565974020355,-22.493743008330988,10.648222099215277,1
1765804737.2989297,0.23090013123588884,0.02295365744024443,0,0,0.4442595673876872,0.0,28,0,0.0,150.73037396679817,-25.530694888623394,9.81651461225439,1
1765804737.3488488,0.2512616925138506,0.38113159561994486,0,0,0.4435215946843854,0.0,28,0,0.0,154.82470383245416,-24.733665914640873,10.214118514088733,1
1765804737.38813,0.25229134826093147,0.282786160897032,0,0,0.4427860696517413,0.0,28,0,0.0,152.58583485923825,-24.589952348559507,11.765392647282676,1
1765804737.4248161,0.25221673892083185,0.11973106892023094,0,0,0.4420529801324503,0.0,28,0,0.0,150.97079094726683,-24.299984364060833,11.607861726833322,1
1765804737.4615734,0.2343417598150521,0.04109974682633932,0,0,0.4413223140495868,0.0,28,0,0.0,152.8190853344991,-24.830434894319378,11.344558368919294,1
1765804737.4972665,0.20140430863747735,0.0450377349111045,1,0,0.44224422442244227,0.0,28,0,0.0,151.9107455144767,-21.65697346095566,11.820759197654382,1
1765804737.5332935,0.20922328078706853,0.02054987341316966,1,0,0.443163097199341,0.0,28,0,0.0,152.27121112093153,-22.722749853771504,10.986438960136294,1
1765804737.5571904,0.22720116619227315,0.021879166839686815,0,0,0.44243421052631576,0.0,29,0,0.0,153.56752230542793,-25.500292587389975,10.83389537039471,1
1765804737.5863445,0.2469911697415611,0.16966595639135473,0,0,0.44170771756978655,0.0,29,0,0.0,153.53788428164887,-23.091801295063494,11.563425430069975,1
1765804737.6093955,0.22079985179453548,0.02915439504656608,0,0,0.44098360655737706,0.0,29,0,0.0,153.9507474261525,-21.75923206934779,10.70508820500146,1
1765804737.6351633,0.25757566591794023,0.1006995810131534,0,0,0.4402618657937807,0.0,29,0,0.0,155.66583498712453,-23.670554039208515,10.466965463236814,1
1765804737.6596503,0.22455396902897973,0.1225158846347265,0,0,0.4395424836601307,0.0,29,0,0.0,153.9196426880111,-21.217284548452593,12.03502286987481,1
1765804737.684471,0.2339722084037081,0.020072391147592506,0,0,0.43882544861337686,0.0,29,0,0.0,154.16740785585915,-23.24571250176566,11.321030007339527,1
1765804737.7487202,0.24207890526064907,0.34358399222011404,0,0,0.4381107491856677,0.0,29,0,0.0,156.81447060943017,-23.697855209493714,10.910852144159296,1
1765804737.7817826,0.22923273701212896,0.4257997168527447,0,0,0.4373983739837398,0.0,29,0,0.0,154.3818119865441,-24.18111270278269,11.738714858506174,1
1765804737.8135219,0.25452360723544587,0.36890712694014655,0,0,0.4366883116883117,0.0,29,0,0.0,157.1053250143164,-22.055179422604876,10.265682244473691,1
1765804737.8463657,0.22497650002897987,0.21051197687609577,0,0,0.4359805510534846,0.0,29,0,0.0,155.90919432745048,-22.786324038962213,9.451255423977775,1
1765804737.8669293,0.26918200000963977,0.17211704580502016,0,0,0.43527508090614886,0.0,29,0,0.0,154.7604179422983,-23.704538924025876,10.059643893087138,1
1765804737.891251,0.26203991548386246,0.2092990781854137,0,0,0.4345718901453958,0.0,29,0,0.0,153.8862234608048,-19.9452958361208,11.35834104295835,1
1765804737.9232671,0.2226962616105,0.09442369682506224,0,0,0.4338709677419355,0.0,29,0,0.0,155.31777717846302,-22.322026875946122,11.552259924887236,1
1765804737.9555206,0.2336516325228673,0.06347447411219333,0,0,0.4331723027375201,0.0,29,0,0.0,158.30803968017503,-25.2871582361493,11.044699440730755,1
1765804737.9873333,0.25298628647784294,0.127110995748498,0,0,0.432475884244373,0.0,29,0,0.0,158.10498765873965,-25.476519879290773,10.697631706575077,1
1765804738.0194418,0.24644341954721616,0.2437261997753668,0,0,0.4317817014446228,0.0,29,0,0.0,159.95220605669627,-20.081131002571304,7.775541339886496,1
1765804738.051396,0.21096093210968347,0.14904684642949761,1,0,0.4326923076923077,0.0,29,0,0.0,162.173301963701,-16.896203359850677,8.553753785357701,1
1765804738.0829716,0.19775097292345684,0.19611613513818402,1,0,0.4336,0.0,29,0,0.0,163.10640469478173,-14.08400034152667,7.752917202255721,1
1765804738.1151264,0.2164752043277854,0.20931897427058715,1,0,0.43450479233226835,0.0,29,0,0.0,164.6386678108599,-12.74371455953953,7.776725424658506,1
1765804738.147676,0.18805989256502828,0.20896918976428647,1,0,0.4354066985645933,0.0,29,0,0.0,165.4769001130688,-11.72480069877282,7.477108121648009,1
1765804738.1793065,0.200181426630016,0.21501925163367325,1,0,0.43630573248407645,0.0,29,0,0.0,162.8430579088542,-10.145260647689732,7.392534795699643,1
1765804738.2267148,0.19792267421836127,0.2344378158364461,1,0,0.43720190779014306,0.0,29,0,0.0,163.54553852046885,-9.763135164107759,6.588323358609148,1
1765804738.2617528,0.1788560721353447,0.1936849851535164,1,0,0.4380952380952381,0.0,29,0,0.0,162.7406565077836,-7.315998334862579,5.06016502648215,1
1765804738.3079126,0.19104663130225347,0.23797535126080177,1,0,0.43898573692551507,0.0,29,0,0.0,164.50325546722803,-9.98584910443981,4.437628233443187,1
1765804738.356359,0.2079067236235954,0.22703830459324992,1,0,0.439873417721519,0.0,29,0,0.0,160.57144881111785,-6.973731096039544,4.11103241457412,1
1765804738.39787,0.19830311828349545,0.23434639500813173,1,0,0.44075829383886256,0.0,29,0,0.0,160.81936351380958,-7.058406826091358,2.8633736911720535,1
1765804738.4277754,0.20972859109456676,0.24996948800867383,1,0,0.4416403785488959,0.0,29,0,0.0,160.039927808554,-6.533079019520314,2.4886327118887213,1
1765804738.459154,0.18525443136392555,0.27415789021042125,1,0,0.44251968503937006,0.0,29,0,0.0,160.83895646325988,-6.0307385527996145,2.708694672496287,1
1765804738.4894464,0.20437069947115782,0.25045723381492124,1,0,0.44339622641509435,0.0,29,0,0.0,161.22922809325715,-5.82104713815143,3.335028645328353,1
1765804738.5195456,0.18400190282717085,0.30326964415223,1,0,0.44427001569858715,0.0,29,0,0.0,161.3988917104985,-4.677437481141558,2.5258804101267547,1
1765804738.555671,0.19663035978533666,0.3075467578697396,1,0,0.445141065830721,0.0,29,0,0.0,161.67067144707102,-3.6827990747525257,3.0959319367918545,1
1765804738.586789,0.21951453022571976,0.3749137131746866,1,0,0.4460093896713615,0.0,29,0,0.0,160.978990841465,-5.06407183737096,3.3710638348957356,1
1765804738.6116433,0.23763663180731126,0.3075467578697396,0,0,0.4453125,0.0,30,0,0.0,161.53150049839581,-5.04827749506159,3.2549289644117945,1
1765804738.632482,0.203996074433883,0.24989193861608824,1,0,0.44617784711388453,0.0,30,0,0.0,160.6139329235347,-4.677002280067461,3.406447581774257,1
1765804738.6586072,0.2236360101571241,0.2685371007768886,0,0,0.4454828660436137,0.0,31,0,0.0,161.7863804715374,-5.160879654348997,3.732902017920151,1
1765804738.6909046,0.23038829933890773,0.23052383304200436,0,0,0.4447900466562986,0.0,31,0,0.0,163.58867407375305,-4.789093263752331,3.53609885388239,1
1765804738.7236114,0.244842119645029,0.2534773720149601,0,0,0.4440993788819876,0.0,31,0,0.0,163.9669383811796,-3.8570283831849514,3.241361068974042,1
1765804738.755856,0.2443032880824472,0.2574343230201477,0,0,0.4434108527131783,0.0,31,0,0.0,164.10484404319936,-3.4784715939354185,2.4995635191910943,1
1765804738.7872844,0.25804700620200705,0.24603740629579168,0,0,0.44272445820433437,0.0,31,0,0.0,166.01297763419825,-4.782704681784233,2.858890415014065,1
1765804738.8193355,0.272444009136267,0.2606233456578416,0,0,0.4420401854714065,0.0,31,0,0.0,165.34562217240264,-3.3170279416481936,3.3521145750192063,1
1765804738.850262,0.26361732558106293,0.2724459655118999,0,0,0.44135802469135804,0.0,31,0,0.0,167.92470862866355,-5.109897815309611,3.252097809292622,1
1765804738.8841965,0.2670277742525649,0.2322389766759945,0,0,0.4406779661016949,0.0,31,0,0.0,168.22462611554292,-3.842975249180996,2.793408311012457,1
1765804738.9156823,0.24101634687651713,0.2242776569204422,0,0,0.44,0.0,31,0,0.0,167.4062374066713,-2.746930824703598,2.6516545346609424,1
1765804738.9650147,0.2682158608408882,0.21202388648538395,0,0,0.4393241167434716,0.0,31,0,0.0,168.09976607803364,-4.94549571167648,2.949439385279089,1
1765804739.020856,0.2632753702311078,0.20370021093167767,0,0,0.4386503067484663,0.0,31,0,0.0,168.88324233684173,-5.755583566058272,2.6465707579827695,1
1765804739.0561576,0.2280013371090282,0.19997633556165179,0,0,0.43797856049004597,0.0,31,0,0.0,167.70852094306463,-5.814898472707455,3.2798318713037657,1
1765804739.0800626,0.22541315621337013,0.19990539261533075,0,0,0.43730886850152906,0.0,31,0,0.0,168.3525194157832,-2.626992373613317,3.1164423399706593,1
1765804739.103103,0.2298224036105455,0.2056822836636157,0,0,0.4366412213740458,0.0,31,0,0.0,166.60158577711633,-2.97170057861713,3.2610298376224836,1
1765804739.1272068,0.22934984095311797,0.1936849851535164,0,0,0.43597560975609756,0.0,31,0,0.0,166.53149861131044,-0.9226335553331715,4.249026514839799,1
1765804739.154977,0.21048589144944818,0.20307454668006886,1,0,0.4368340943683409,0.0,31,0,0.0,164.88611070350575,-1.112205008106345,4.572502836278028,1
1765804739.1872678,0.22591540591975506,0.22365650471908247,0,0,0.43617021276595747,0.0,32,0,0.0,165.89328656773048,-1.6129597707411467,4.171382624774409,1
1765804739.2192888,0.24162536822919523,0.2055270768301462,0,0,0.4355083459787557,0.0,32,0,0.0,163.87351170054242,0.15356503595139873,4.316897363619151,1
1765804739.2512538,0.22591140850199232,0.2027070466227657,0,0,0.4348484848484849,0.0,32,0,0.0,165.63869284860485,0.5098087066094863,3.9668228515786956,1
1765804739.283055,0.21774675502394558,0.20886218949313556,1,0,0.4357034795763994,0.0,32,0,0.0,166.75921456584888,1.6907700242517445,3.3934687998107567,1
1765804739.3315485,0.22591179438218834,0.17127135356874337,0,0,0.4350453172205438,0.0,33,0,0.0,163.96108808986222,0.5020568732310081,3.8709008990626175,1
1765804739.3646197,0.23704622296921593,0.20861477235044235,0,0,0.4343891402714932,0.0,33,0,0.0,162.80353869516767,0.29088876312678785,2.978875307611111,1
1765804739.4100294,0.23357582579708458,0.15479145984066423,0,0,0.43373493975903615,0.0,33,0,0.0,164.46511007103877,1.5475823228172216,3.002244724050488,1
1765804739.4414794,0.25229955029663564,0.1620290665709581,0,0,0.4330827067669173,0.0,33,0,0.0,165.89377951133733,1.8957133898533556,2.0742008949742408,1
1765804739.471048,0.23168665509935754,0.07239537379384489,0,0,0.43243243243243246,0.0,33,0,0.0,168.46302330384233,-0.6860474919224429,2.4722760151858423,1
1765804739.5029218,0.22164199190782535,0.014691591690258264,0,0,0.431784107946027,0.0,33,0,0.0,168.82631429766062,2.550771766876031,2.464643461728771,1
1765804739.5319138,0.23046067797069653,0.0,0,0,0.4311377245508982,0.0,33,0,0.0,169.1378838670783,3.6918607400813173,2.485200954795388,1
1765804739.5638478,0.2396280014685356,0.0,0,0,0.4304932735426009,0.0,33,0,0.0,167.46059544667068,4.060292493810095,2.4373181806240503,1
1765804739.5933056,0.22321934351551204,0.0,0,0,0.4298507462686567,0.0,33,0,0.0,169.0002645004655,3.5037435125400114,2.220016251525086,1
1765804739.6192868,0.22977193281808023,0.0,0,0,0.42921013412816694,0.0,33,0,0.0,167.79488428272376,4.1943152571805635,2.9934807798557137,1
1765804739.6531992,0.21470823945501,0.0,1,0,0.43005952380952384,0.0,33,0,0.0,167.21916237104108,2.4224455354026673,3.0436231021547306,1
1765804739.700886,0.23063112280694006,0.0,0,0,0.4294205052005943,0.0,34,0,0.0,169.99881904220922,3.395810258901086,3.1792751685831324,1
1765804739.745266,0.24360124691790827,0.014454852115694089,0,0,0.4287833827893175,0.0,34,0,0.0,169.899583500208,3.6509630551788628,3.5954812859837135,1
1765804739.7855487,0.24323131059178793,0.0,0,0,0.42814814814814817,0.0,34,0,0.0,171.15407686965276,2.3378170608636806,2.6847056956288675,1
1765804739.8253872,0.2515139649342708,0.015123765100472588,0,0,0.4275147928994083,0.0,34,0,0.0,171.13494837732136,2.6445914235358665,3.2917235205556348,1
1765804739.867438,0.237885877349634,0.0,0,0,0.42688330871491875,0.0,34,0,0.0,169.49541232559022,4.552391666306324,3.2195429555339863,1
1765804739.907659,0.24212605243001845,0.0,0,0,0.42625368731563423,0.0,34,0,0.0,172.33907813178752,2.8459629677621554,3.2148596224315886,1
1765804739.950915,0.2409973964421006,0.0,0,0,0.4256259204712813,0.0,34,0,0.0,171.83108966383557,1.0659052131319122,3.5802673539950423,1
1765804739.985554,0.250460115545883,0.015368255536133623,0,0,0.425,0.0,34,0,0.0,173.3025588510299,2.269667146796963,2.982765171456955,1
1765804740.0096152,0.24623291566658434,0.0,0,0,0.4243759177679883,0.0,34,0,0.0,172.09976187254523,1.3769850969729722,2.933463966194422,1
1765804740.043288,0.26477270679457066,0.015617376188860606,0,0,0.4237536656891496,0.0,34,0,0.0,174.24523212459,1.7220356711198315,1.993248075960084,1
1765804740.0607598,0.24562784549242717,0.0,0,0,0.42313323572474376,0.0,34,0,0.0,176.50289193742233,-0.3753190561485302,2.171544392325767,1
1765804740.0788658,0.2728863586393713,0.0,0,0,0.42251461988304095,0.0,34,0,0.0,173.23442549329795,-0.7808757210313318,2.4683702482304923,1
1765804740.0977407,0.25437375444934796,0.0,0,0,0.4218978102189781,0.0,34,0,0.0,172.27507279391148,0.9832471824969459,1.987355435948724,1
1765804740.1317608,0.24427107675045928,0.0161101838077742,0,0,0.42128279883381925,0.0,34,0,0.0,173.73556188361675,1.177090568443433,1.9736319577443602,1
1765804740.1626348,0.2443057940911204,0.0,0,0,0.42066957787481807,0.0,34,0,0.0,175.42374625708456,1.5084972836656931,1.9502427650838088,1
1765804740.1950948,0.1719966400807817,0.0,1,0,0.42151162790697677,0.0,34,0,0.0,172.10516047508239,0.6870236722518713,1.5270776880447188,1
1765804740.22785,0.06443108821260601,0.01638463841038081,1,0,0.4223512336719884,0.0,34,0,0.0,170.07158546142537,2.041787899301686,1.7195692172504393,1
1765804740.2598453,0.17092544513864139,0.01638463841038081,1,0,0.42318840579710143,0.0,34,0,0.0,172.18498974470214,-0.09754143606339165,1.9161622381246832,1
1765804740.2904851,0.22693317722904868,0.0,0,0,0.42257597684515197,0.0,35,0,0.0,174.61779363302787,1.482595659670648,1.7833134860022888,1
1765804740.323903,0.2583239340312266,0.015865023417386784,0,0,0.42196531791907516,0.0,35,0,0.0,175.1233706930471,-1.3000156010402701,1.5098996917074017,1
1765804740.3609886,0.27955343757966633,0.03075467578697396,0,0,0.4213564213564214,0.0,35,0,0.0,172.49840232760926,1.3688399729637615,1.9732107028103674,1
1765804740.4038715,0.27554363139757565,0.0,0,0,0.4207492795389049,0.0,35,0,0.0,176.03044223801587,-2.4031164841245007,1.5529719432327818,1
1765804740.439267,0.26787433678093364,0.0,0,0,0.4201438848920863,0.0,35,0,0.0,175.46363424061744,-0.6248729004757618,2.2032712585492447,1
1765804740.4754496,0.2850258266488268,0.0,0,0,0.41954022988505746,0.0,35,0,0.0,175.04045939233225,-0.5426680629659937,1.604759800787812,1
1765804740.510929,0.29276356986454866,0.0,0,0,0.41893830703012913,0.0,35,0,0.0,174.84030620183825,-0.8571194063890509,1.8227980317807269,1
1765804740.5458462,0.31215907751926975,0.0,0,0,0.4183381088825215,0.0,35,0,0.0,174.83423378438954,-1.9334786285697736,2.4748689747608075,1
1765804740.5710268,0.2911984496414769,0.015617376188860606,0,0,0.4177396280400572,0.0,35,0,0.0,174.83577451791402,0.9501524454779763,1.7946895416222657,1
1765804740.594113,0.29107799051412653,0.015855049805149804,0,0,0.41714285714285715,0.0,35,0,0.0,175.5865867181304,-1.4524166716069322,2.3730470207599073,1
1765804740.6265147,0.2884567478118811,0.0,0,0,0.4165477888730385,0.0,35,0,0.0,175.2235716732825,-3.552511464399133,2.407540232029644,1
1765804740.6595027,0.29458802730696193,0.015384615384615385,0,0,0.41595441595441596,0.0,35,0,0.0,175.53909996249996,-2.6260876512534383,1.9267657837622798,1
1765804740.690972,0.31448007466844685,0.021733995409215574,0,0,0.41536273115220484,0.0,35,0,0.0,175.26026340574262,-1.1268002599141316,2.071104118487661,1
1765804740.7234538,0.320615184327205,0.0,0,0,0.4147727272727273,0.0,35,0,0.0,176.32803948334416,-0.2268983364791407,2.3984893160537855,1
1765804740.771355,0.3044681379938864,0.0,0,0,0.41418439716312055,0.0,35,0,0.0,175.80402369266545,-0.75831996475825,1.7169308375948202,1
1765804740.8035395,0.3385999313429609,0.0,0,0,0.41359773371104813,0.0,35,0,0.0,177.47278666292198,-2.7709564045794384,1.731635276134832,1
1765804740.8383987,0.3401404516473975,0.0,0,0,0.413012729844413,0.0,35,0,0.0,177.1914863909346,-2.4237468853354747,1.893008069674414,1
1765804740.8715773,0.34879050571914705,0.015623093000542114,0,0,0.4124293785310734,0.0,35,0,0.0,176.53495439785172,0.058803290077300216,1.7761331343888382,1
1765804740.905698,0.3624008420923951,0.015144563320384568,0,0,0.4118476727785614,0.0,35,0,0.0,177.2757391293477,-0.93742757478775,1.6136106046875884,1
1765804740.9392164,0.3529279376168132,0.0,0,0,0.4112676056338028,0.0,35,0,0.0,177.53863462658495,-2.744291101712787,1.6389650612359292,1
1765804740.9732282,0.3614466795480382,0.015617376188860606,0,0,0.41068917018284107,0.0,35,0,0.0,177.4401683606999,-2.014744932005361,2.1663524980047937,1
1765804741.005865,0.3692990518362067,0.015865023417386784,0,0,0.4101123595505618,0.0,35,0,0.0,177.8814002987675,-0.5043394806439119,1.7611359608978996,1
1765804741.0394373,0.36907226160573897,0.02243653128423514,0,0,0.40953716690042075,0.0,35,0,0.0,177.4139943564713,-0.5037274020660452,1.8019835262269344,1
1765804741.0753987,0.3647543876981365,0.0,0,0,0.40896358543417366,0.0,35,0,0.0,178.57938764875348,-1.6846399646591632,1.6323186450791771,1
1765804741.1185725,0.3667098024624324,0.015841118295695487,0,0,0.4083916083916084,0.0,35,0,0.0,177.62145889047127,-1.9850089215242792,2.123789427170265,1
1765804741.1396477,0.3695168310963478,0.0,0,0,0.40782122905027934,0.0,35,0,0.0,179.4760803765937,-0.7307733260784636,1.880719812432091,1
1765804741.1718528,0.3584128874177003,0.0,0,0,0.4072524407252441,0.0,35,0,0.0,178.2509263140161,-2.317721113254527,2.3110145463735057,1
1765804741.203798,0.36057624406021654,0.0,0,0,0.40668523676880225,0.0,35,0,0.0,176.74538505924124,-0.7932351329719388,1.729660221813745,1
1765804741.2338445,0.359092051899784,0.0,0,0,0.40611961057023643,0.0,35,0,0.0,177.4583437563013,-1.1459185986116653,2.216142180783924,1
1765804741.267591,0.34571316982047107,0.0,0,0,0.40555555555555556,0.0,35,0,0.0,177.76301186966214,2.867481736018876,2.0168012403614615,1
1765804741.2997162,0.36060594178703737,0.016664352333993333,0,0,0.40499306518723993,0.0,35,0,0.0,177.0489496666716,-1.2710524233588563,1.8967280701429738,1
1765804741.3315537,0.3304414319394498,0.0,0,0,0.40443213296398894,0.0,35,0,0.0,179.26706864339698,-0.780442756118847,1.5359399650820955,1
1765804741.3631947,0.3530994629744034,0.0,0,0,0.40387275242047027,0.0,35,0,0.0,178.16135601250332,-2.0710753227185394,2.2386438839085736,1
1765804741.3955333,0.35029540315553664,0.0,0,0,0.40331491712707185,0.0,35,0,0.0,177.63786766616929,-2.0612471777997246,1.8112162972506698,1
1765804741.4266374,0.3164062848911707,0.17256270239607904,0,0,0.4027586206896552,0.0,35,0,0.0,178.09625936176914,-2.3554175219464226,1.9336064968080424,1
1765804741.4595506,0.1650053069925864,0.19990539261533075,1,0,0.4035812672176309,0.0,35,0,0.0,173.09039505665822,-0.38031819270812695,1.7433517008072967,1
1765804741.506512,0.13764323193550976,0.2809415177915169,1,0,0.40440165061898214,0.0,35,0,0.0,171.04432443444745,2.4739178096247736,1.939393051074361,1
1765804741.5518298,0.22190582898900363,0.2727272727272727,0,0,0.40384615384615385,0.0,36,0,0.0,173.08559393028236,1.9437737429545072,1.0735288827622744,1
1765804741.5799005,0.25835278099114267,0.29574531534915616,0,0,0.40329218106995884,0.0,36,0,0.0,171.4851476039494,3.117656494495045,1.4465548558784833,1
1765804741.6122253,0.27789033297408483,0.3043158685265086,0,0,0.40273972602739727,0.0,36,0,0.0,172.56587546349735,-0.013788625191744825,1.768351025250241,1
1765804741.6396015,0.3017187094172651,0.29188457916768784,0,0,0.4021887824897401,0.0,36,0,0.0,171.30559890710643,-1.8289843698670276,2.635399476964223,1
1765804741.6665545,0.3181836335250474,0.3241211338608802,0,0,0.4016393442622951,0.0,36,0,0.0,171.0245374658307,0.5144705985966682,1.7816344135985211,1
1765804741.6995938,0.30128440939698364,0.2835820895522388,0,0,0.40109140518417463,0.0,36,0,0.0,174.18712253782175,-0.27084886297068206,1.484403760448684,1
1765804741.7320445,0.30211077416975274,0.3288818409491811,0,0,0.40054495912806537,0.0,36,0,0.0,173.65600233922478,-0.19618701091403426,1.3629872897264514,1
1765804741.762742,0.3183173528779421,0.3137530556910268,0,0,0.4,0.0,36,0,0.0,172.9175475881575,3.0966187907176073,1.5115649088159717,1
1765804741.7951183,0.301734601006304,0.35413853669270046,0,0,0.39945652173913043,0.0,36,0,0.0,173.22893813099532,-0.2929493795002175,1.818436776255007,1
1765804741.8275893,0.33717068991717775,0.2537313432835821,0,0,0.3989145183175034,0.0,36,0,0.0,175.22833693389367,-1.6543709738135712,1.2273949887194564,1
1765804741.8752782,0.3272015126408463,0.08195620119650535,0,0,0.3983739837398374,0.0,36,0,0.0,177.29168313448488,-2.355251413225884,1.3238607835490508,1
1765804741.9075444,0.30007897898670366,0.0,0,0,0.39783491204330174,0.0,36,0,0.0,178.23125684955852,-2.3185273507970576,1.1939003588318466,1
1765804741.9396334,0.32903175974989274,0.0,0,0,0.3972972972972973,0.0,36,0,0.0,178.02373667454037,-1.9127289498077398,1.3907773863283233,1
1765804741.9715393,0.30442407513228187,0.015623093000542114,0,0,0.3967611336032389,0.0,36,0,0.0,176.33742356210297,0.5524772682165019,1.3485996152213942,1
1765804742.0032115,0.3099853621286469,0.19694709185147602,0,0,0.39622641509433965,0.0,36,0,0.0,177.638038581478,-5.858146674066465,1.7515433358920498,1
1765804742.0355825,0.31619670373693276,0.2153846153846154,0,0,0.39569313593539707,0.0,36,0,0.0,177.6113442471507,-1.298406779708721,1.277843096876639,1
1765804742.067638,0.31149878505960177,0.23880597014925373,0,0,0.3951612903225806,0.0,36,0,0.0,176.71777365936484,-2.1603334962994922,1.420129681286091,1
1765804742.0992854,0.32007221364748834,0.19997633556165179,0,0,0.3946308724832215,0.0,36,0,0.0,177.36285430615726,-1.7271623690370375,1.5950909267232645,1
1765804742.131152,0.31110169361120016,0.14285714285714285,0,0,0.3941018766756032,0.0,36,0,0.0,178.57032817566878,-4.767241440617947,1.3296331029887365,1
1765804742.163115,0.3045957420804565,0.06153118017281593,0,0,0.39357429718875503,0.0,36,0,0.0,177.81558887081638,-4.149786641356636,1.1946471728083488,1
1765804742.211402,0.33456001127010426,0.016129032258064516,0,0,0.393048128342246,0.0,36,0,0.0,176.16351527792034,-4.621371816583888,1.0974669316687269,1
1765804742.243078,0.30497908937821583,0.09809631423279784,0,0,0.3925233644859813,0.0,36,0,0.0,178.7417301637695,-4.889780767334057,0.6573663531462373,1
1765804742.275316,0.30297625685412144,0.1845935405184478,0,0,0.392,0.0,36,0,0.0,177.414022902706,-6.516335116736263,0.7290903332298668,1
1765804742.3075845,0.3001710522598146,0.2701716134791496,0,0,0.3914780292942743,0.0,36,0,0.0,178.00369279083884,-4.823876395382771,0.4749261428238803,1
1765804742.3390782,0.3070654434406388,0.2816493144739857,0,0,0.39095744680851063,0.0,36,0,0.0,179.31371625916583,-8.15698136162205,1.1087902793643363,1
1765804742.371575,0.32969206921514477,0.2839745909020962,0,0,0.3904382470119522,0.0,36,0,0.0,177.8169374254991,-6.496837244634098,1.4534095764412047,1
1765804742.4034371,0.3236670153097255,0.2579913939064908,0,0,0.38992042440318303,0.0,36,0,0.0,176.80984950951893,-7.175377949038997,1.0093412776184165,1
1765804742.435349,0.30650346567841885,0.3091400452344658,0,0,0.3894039735099338,0.0,36,0,0.0,178.20832198438114,-5.073419083169131,0.7517509623985658,1
1765804742.466644,0.3260919811116635,0.2988470793523278,0,0,0.3888888888888889,0.0,36,0,0.0,177.02219297111802,-4.741051606542915,0.9717252444510588,1
1765804742.4923904,0.3101900305346481,0.30917347120042116,0,0,0.38837516512549536,0.0,36,0,0.0,177.888027856058,-5.734652493148583,1.1137297964669943,1
1765804742.5311332,0.2923572680787937,0.2968387670103002,0,0,0.38786279683377306,0.0,36,0,0.0,177.0050426421313,-6.794235238326919,1.2564931411418803,1
1765804742.5792606,0.296164324908204,0.2727272727272727,0,0,0.38735177865612647,0.0,36,0,0.0,177.1168146588791,-6.11650190229136,1.3880161035620504,1
1765804742.6105797,0.28453028036279493,0.2878787878787879,0,0,0.3868421052631579,0.0,36,0,0.0,176.86573511751712,-3.362284039881494,1.0692883553905195,1
1765804742.643608,0.324746069823842,0.2579913939064908,0,0,0.38633377135348224,0.0,36,0,0.0,176.2450586053284,-2.2936204610424284,1.1060362425003758,1
1765804742.675318,0.300601160124068,0.23074192564805976,0,0,0.3858267716535433,0.0,36,0,0.0,178.6028311355098,-5.266980273541921,0.35990754151467336,1
1765804742.7075858,0.30383438427252357,0.23877937557596016,0,0,0.3853211009174312,0.0,36,0,0.0,177.66219044627567,-0.00758823820596661,0.27900246448922467,1
1765804742.7389946,0.3015279417122193,0.2153591306048558,0,0,0.38481675392670156,0.0,36,0,0.0,178.52154393792063,-1.852684226878429,0.20401059372089794,1
1765804742.7715366,0.30641682686301386,0.23809523809523808,0,0,0.3843137254901961,0.0,36,0,0.0,177.72023941588395,-0.7954634868116118,0.8370014341739344,1
1765804742.802198,0.295906863524793,0.2348665874240329,0,0,0.3838120104438642,0.0,36,0,0.0,-179.3506079521611,-2.0625441222886836,0.9943459835987197,0
1765804742.8259106,0.30234846581929703,0.21875,0,0,0.3833116036505867,0.0,36,0,0.0,-179.54127853398958,-2.534319888940625,0.9616451158742274,0
1765804742.8506565,0.29827430368852403,0.2187233020075896,0,0,0.3828125,0.0,36,0,0.0,179.3678160350018,-3.2745239037650244,0.6174676959673776,0
1765804742.875192,0.2941287097493376,0.2222222222222222,0,0,0.3823146944083225,0.0,36,0,0.0,179.40056461278002,-0.5088356435116962,1.3471230602307442,0
1765804742.95194,0.3204438013589366,0.08328707558159619,0,0,0.38181818181818183,0.0,36,0,0.0,-179.73603032950086,0.9950808702885774,1.1066853818327929,0
1765804742.9940054,0.32113917167846706,0.015607862099528717,0,0,0.38132295719844356,0.0,36,0,0.0,179.57297042011504,0.4922821716051572,1.7210856551367988,0
1765804743.0270116,0.3351304523957528,0.016120647005479025,0,0,0.38082901554404147,0.0,36,0,0.0,-178.14022690104213,-0.0009593361765935914,1.6212325044393696,0
1765804743.0610971,0.3213535963612664,0.0949967907031729,0,0,0.38033635187580855,0.0,36,0,0.0,-179.22275834020147,3.3088310268472867,1.5750157613476883,0
1765804743.0954702,0.3183429713696914,0.14373627203392725,0,0,0.3798449612403101,0.0,36,0,0.0,-178.86454972752162,-1.0081925970351007,1.627580458615569,0
1765804743.1343274,0.3356487903361317,0.18179731555520862,0,0,0.3793548387096774,0.0,36,0,0.0,-177.8288287227723,-3.2619753328831598,1.1749095016175228,0
1765804743.1565733,0.3188282731240094,0.22219423277413308,0,0,0.3788659793814433,0.0,36,0,0.0,179.48246416489306,2.7371519978520342,1.9148591202693883,0
1765804743.1741347,0.3228490313762047,0.17812781606379363,0,0,0.3783783783783784,0.0,36,0,0.0,-177.7258081592745,-3.8508015745228694,1.341773985540417,0
1765804743.1910298,0.3226351270631428,0.1774193548387097,0,0,0.37789203084832906,0.0,36,0,0.0,-178.0989141489672,-3.9438029006310944,1.4389096473412522,0
1765804743.2082827,0.33144286818269697,0.16393442622950818,0,0,0.3774069319640565,0.0,36,0,0.0,-178.69317435302725,-4.244892720625945,0.9852277186808079,0
1765804743.2340107,0.32149875438575337,0.1875,0,0,0.3769230769230769,0.0,36,0,0.0,-179.47561660208603,-3.100344316918109,1.3141488527379932,0
1765804743.2676904,0.34603301569234024,0.19402985074626866,0,0,0.3764404609475032,0.0,36,0,0.0,-178.0864683076725,-2.8732507020408518,1.4718634077124149,0
1765804743.3502958,0.338664245795947,0.19694709185147602,0,0,0.37595907928388744,0.0,36,0,0.0,-179.24121477271999,-1.815688140764453,0.8506397878570794,0
1765804743.4015136,0.32485814371125915,0.15254237288135594,0,0,0.37547892720306514,0.0,36,0,0.0,-177.69766940661162,-5.4967910148529935,1.7537804440455935,0
1765804743.4393039,0.33501864234831347,0.016946718543287685,0,0,0.375,0.0,36,0,0.0,-177.37545832167822,-4.520768932218949,1.5011195750591038,0
1765804743.47717,0.3216502268609185,0.0,0,0,0.37452229299363055,0.0,36,0,0.0,-176.78707261732131,-3.445461820605204,1.792868626167517,0
1765804743.5136774,0.3246640514936179,0.015865023417386784,0,0,0.37404580152671757,0.0,36,0,0.0,-176.67588022185902,-0.5203678261111322,1.2521341272415776,0
1765804743.5500753,0.3195717383497638,0.01537733789348698,0,0,0.3735705209656925,0.0,36,0,0.0,-176.77189968952382,0.28121524638619944,1.2170518501129106,0
1765804743.592498,0.3225259204583726,0.016129032258064516,0,0,0.3730964467005076,0.0,36,0,0.0,-174.64971994361673,-1.926387823722852,1.14486398047053,0
1765804743.6309428,0.3243752746956614,0.0,0,0,0.3726235741444867,0.0,36,0,0.0,-175.55273606835053,-0.8304033857482824,0.9860832886040914,0
1765804743.6689534,0.3329226209554919,0.0,0,0,0.3721518987341772,0.0,36,0,0.0,-176.56847247710982,-2.5871580666407192,1.4380961719103167,0
1765804743.7066426,0.3167499714850551,0.022809896167307987,0,0,0.37168141592920356,0.0,36,0,0.0,-174.78452336007516,-0.9336812202938919,1.3984336070748369,0
1765804743.7431767,0.3352693815551664,0.0,0,0,0.3712121212121212,0.0,36,0,0.0,-175.42928906454728,-0.05270371264125482,1.488489671281043,0
1765804743.7741115,0.3237005024723797,0.015382795043203983,0,0,0.3707440100882724,0.0,36,0,0.0,-175.39810133050952,-1.7593403349300718,0.9919839304400386,0
1765804743.796235,0.32176543480001885,0.022445006962161677,0,0,0.3702770780856423,0.0,36,0,0.0,-175.38436899032558,0.4020771423553768,1.5431725434951984,0
1765804743.820485,0.3171335185529573,0.014705882352941176,0,0,0.36981132075471695,0.0,36,0,0.0,-176.58962984688608,1.223880566830586,0.725639733893977,0
1765804743.8424926,0.31350482410439895,0.022094390007582832,0,0,0.3693467336683417,0.0,36,0,0.0,-175.39338742857805,-1.9373296092349548,1.5072009822110455,0
1765804743.8650901,0.3114051202770719,0.01537733789348698,0,0,0.36888331242158096,0.0,36,0,0.0,-174.54248900585657,-0.9308316325027627,1.3745578776037954,0
1765804743.8876069,0.30491698258428,0.0,0,0,0.3684210526315789,0.0,36,0,0.0,-176.7327912986811,-1.84251821843235,1.848028677720263,0
1765804743.9110782,0.33412578988877106,0.0,0,0,0.36795994993742176,0.0,36,0,0.0,-176.28546825375477,-2.685117514772744,1.3534478188993122,0
1765804743.935496,0.3275440320808584,0.015617376188860606,0,0,0.3675,0.0,36,0,0.0,-176.22102209067063,-0.4993814805137556,1.2768951078914035,0
1765804743.958278,0.3290673515927012,0.0,0,0,0.36704119850187267,0.0,36,0,0.0,-175.95514653353965,-2.1476591427591436,1.6902537459493314,0
1765804743.9813612,0.31093801883746097,0.015623093000542114,0,0,0.36658354114713215,0.0,36,0,0.0,-175.61304876900965,0.11845461820386433,1.4977694550947742,0
1765804744.01869,0.3117454704855419,0.015871016626723793,0,0,0.36612702366127026,0.0,36,0,0.0,-176.46289590083774,-0.8351784400085203,1.5598935656587718,0
1765804744.0505338,0.31390475047285193,0.0,0,0,0.3656716417910448,0.0,36,0,0.0,-175.10725398682237,-1.5378724929612708,1.3716751275572416,0
1765804744.0835176,0.312333916023341,0.0,0,0,0.3652173913043478,0.0,36,0,0.0,-174.30969456645855,-5.109653525979688,1.33420476795993,0
1765804744.148696,0.3274275630653305,0.015873015873015872,0,0,0.36476426799007444,0.0,36,0,0.0,-176.13586887637948,-1.9421477854707623,1.1890591255004788,0
1765804744.1839318,0.32095504768562855,0.0,0,0,0.3643122676579926,0.0,36,0,0.0,-176.41242080086266,-1.0529840213949,1.382697310571069,0
1765804744.2179408,0.32277456788327896,0.015151515151515152,0,0,0.36386138613861385,0.0,36,0,0.0,-174.94548125054752,-0.00379739630013924,1.4361007536498103,0
1765804744.243039,0.3175756630272198,0.0,0,0,0.36341161928306553,0.0,36,0,0.0,-176.9161108442965,-0.6299167633774869,1.4953202645483339,0
1765804744.275364,0.3230001984947827,0.015625,0,0,0.362962962962963,0.0,36,0,0.0,-174.86390660760412,-3.6203366484100457,1.4242106307729765,0
1765804744.2989082,0.3165281324473207,0.015625,0,0,0.3625154130702836,0.0,36,0,0.0,-174.86390660760412,-3.6203366484100457,1.4242106307729765,0
1765804744.3235772,0.32647869234718874,0.015149776296267386,0,0,0.3620689655172414,0.0,36,0,0.0,-174.2183888147538,-1.6610215709185294,1.4791718990762572,0
1765804744.349159,0.30527736807164746,0.0,0,0,0.36162361623616235,0.0,36,0,0.0,-174.97086438509794,-1.1040585808027557,1.3440252589562816,0
1765804744.3873878,0.31069389340271547,0.021754557377304695,0,0,0.36117936117936117,0.0,36,0,0.0,-175.15490716762596,0.7141827547477686,1.3310015942623699,0
1765804744.4195313,0.3131608065289279,0.0,0,0,0.36073619631901843,0.0,36,0,0.0,-174.74437035767008,-0.3032185868934348,1.34454049900566,0
1765804744.4512744,0.30127636169427785,0.0,0,0,0.3602941176470588,0.0,36,0,0.0,-174.93316515819816,0.38591621563204875,1.2370420646422662,0
1765804744.483605,0.3066033799384623,0.0,0,0,0.3598531211750306,0.0,36,0,0.0,-175.53001494541041,-0.1401237287285539,1.5657771175389799,0
1765804744.546597,0.30321326278930816,0.0,0,0,0.3594132029339853,0.0,36,0,0.0,-175.01717441046233,-1.5702479860595469,0.7742621967800127,0
1765804744.5800471,0.13520972484896832,0.015149776296267386,1,0,0.3601953601953602,0.0,36,0,0.0,-177.55935632717234,-0.38981573714719026,1.9142467558942404,0
1765804744.610221,0.07675349679258807,0.0,1,0,0.36097560975609755,0.0,36,0,0.0,-174.981236669612,1.7830250960629634,1.7908499268792015,0
1765804744.6326308,0.07966453300470126,0.016120647005479025,1,0,0.3617539585870889,0.0,36,0,0.0,-176.45757548698668,2.2435195569882684,1.8107075406425495,0
1765804744.658128,0.1060036085460222,0.0,1,0,0.36253041362530414,0.0,36,0,0.0,-176.4592431834341,1.0751403802456287,0.8751484111874669,0
1765804744.681539,0.08129458457652394,0.0,1,0,0.36330498177399756,0.0,36,0,0.0,-175.66587012363087,-0.29137974631105257,1.6734221763977686,0
1765804744.7075064,0.11070269547307614,0.0,1,0,0.3640776699029126,0.0,36,0,0.0,-175.40709394711627,1.255197605290167,1.4118844292849115,0
1765804744.758187,0.11558169136633643,0.0,1,0,0.36484848484848487,0.0,36,0,0.0,-177.14226264898986,-1.1425856888097132,1.60231694173933,0
1765804744.813102,0.13361276276354833,0.0,1,0,0.36561743341404357,0.0,36,0,0.0,-176.8753185632497,2.9694910542833575,1.5224753926949248,0
1765804744.8569157,0.12127944064671425,0.021425019105099776,1,0,0.36638452237001207,0.0,36,0,0.0,-176.85258163601634,0.5149957931659659,1.3510996199456218,0
1765804744.8966687,0.13860924392481402,0.01537733789348698,1,0,0.3671497584541063,0.0,36,0,0.0,-176.78637663985666,0.13549605009856253,1.762673165736593,0
1765804744.9325588,0.13355018775975058,0.0,1,0,0.36791314837153194,0.0,36,0,0.0,-176.62154807046102,2.2903381272365144,1.2305650676221853,0
1765804744.9634035,0.10307075258714721,0.015617376188860606,1,0,0.3686746987951807,0.0,36,0,0.0,-178.2198525836143,-0.3054139979675684,2.200310438635623,0
1765804744.989088,0.09253838769074824,0.0,1,0,0.3694344163658243,0.0,36,0,0.0,-177.6367250394982,1.847872531479208,1.4946418770711827,0
1765804745.0125399,0.08785177540789946,0.015871016626723793,1,0,0.3701923076923077,0.0,36,0,0.0,-177.86118382247233,1.4472007282214125,1.8313540283159793,0
1765804745.038145,0.1097485072592808,0.0,1,0,0.3709483793517407,0.0,36,0,0.0,-173.95888265958214,-1.3751834939339498,2.143583152252398,0
1765804745.0612617,0.09433896123852899,0.016126934718260072,1,0,0.37170263788968827,0.0,36,0,0.0,-176.57338194664902,-0.16497429083239343,2.698775237047965,0
1765804745.0863087,0.1268952970070247,0.015382795043203983,1,0,0.3724550898203593,0.0,36,0,0.0,-176.5431379549109,0.3285297713920441,1.8025034783936833,0
1765804745.1235492,0.11583782719984001,0.015368255536133623,1,0,0.37320574162679426,0.0,36,0,0.0,-176.6685581658398,0.32886758876046973,1.1171828429804267,0
1765804745.154079,0.12040148607791976,0.01638463841038081,1,0,0.3739545997610514,0.0,36,0,0.0,-176.45173940130383,-1.1383756331159274,1.8104347743622253,0
1765804745.1873791,0.11509149747236899,0.022806929798068927,1,0,0.3747016706443914,0.0,36,0,0.0,-175.94590987859945,1.648808406603343,1.0425755986902938,0
1765804745.2182715,0.10125420264417491,0.0,1,0,0.37544696066746125,0.0,36,0,0.0,-177.76179774709016,0.193498691031447,1.6848064169946595,0
1765804745.2515624,0.11604139788658774,0.015871016626723793,1,0,0.3761904761904762,0.0,36,0,0.0,-175.78212636186385,0.726587886423058,1.739738750225396,0
1765804745.2837896,0.12718316879112568,0.0,1,0,0.3769322235434007,0.0,36,0,0.0,-176.65670668302897,0.5535840249190571,2.115870173547627,0
1765804745.3473148,0.1325853477529343,0.015865023417386784,1,0,0.37767220902612825,0.0,36,0,0.0,-176.21222547535055,0.4373748643995758,1.6030792759514698,0
1765804745.3696845,0.13705446981444766,0.0,1,0,0.37841043890865955,0.0,36,0,0.0,-176.21222547535055,0.4373748643995758,1.6030792759514698,0
1765804745.3950715,0.10849102073917397,0.0,1,0,0.3791469194312796,0.0,36,0,0.0,-175.97750791751812,1.371792465010615,1.4534380011854022,0
1765804745.4187932,0.0951460471582792,0.01537733789348698,1,0,0.37988165680473374,0.0,36,0,0.0,-175.76027904414693,0.3593406288866966,2.2767489245062196,0
1765804745.4422429,0.1153237198646244,0.015617376188860606,1,0,0.3806146572104019,0.0,36,0,0.0,-174.3888653532564,-0.24930414735823878,1.8365719575389066,0
1765804745.4916382,0.13416396110164938,0.0,1,0,0.38134592680047225,0.0,36,0,0.0,-174.80364367235032,-1.094299056573556,1.9701862789049318,0
1765804745.5235913,0.15832662086933566,0.0,1,0,0.38207547169811323,0.0,36,0,0.0,-177.84594253647563,-0.10007683600218113,1.9130157817621523,0
1765804745.5544868,0.1286908805541268,0.0,1,0,0.3828032979976443,0.0,36,0,0.0,-174.8897222567511,1.0421701333311806,1.8243636874379323,0
1765804745.5870843,0.1344593861279607,0.015144563320384568,1,0,0.3835294117647059,0.0,36,0,0.0,-173.12302982416355,-1.2953436784220596,2.0347886456877124,0
1765804745.6182818,0.11032788405714489,0.0,1,0,0.38425381903642775,0.0,36,0,0.0,-177.6995330604591,0.5944592059672731,2.384469562412011,0
1765804745.6511998,0.12379802836592954,0.015382795043203983,1,0,0.38497652582159625,0.0,36,0,0.0,-176.30113338234847,1.0243858153462195,1.634267718491203,0
1765804745.6824565,0.12994554683098208,0.01638463841038081,1,0,0.38569753810082064,0.0,36,0,0.0,-175.86032445234696,0.08615731247207786,2.2615662080426056,0
1765804745.715586,0.12436192914965546,0.0,1,0,0.3864168618266979,0.0,36,0,0.0,-175.18613858085837,1.5623919325872095,1.5065984364792826,0
1765804745.746616,0.13987932635066505,0.0,1,0,0.3871345029239766,0.0,36,0,0.0,-175.99405768818323,-0.7191648228665012,2.24349589205251,0
1765804745.7784388,0.08381897240943664,0.0,1,0,0.3878504672897196,0.0,36,0,0.0,-176.31805399954368,-0.4413932923845155,2.2790384778646597,0
1765804745.826622,0.11917681444811098,0.0,1,0,0.3885647607934656,0.0,36,0,0.0,-178.37608746464983,1.364178844190412,2.425285265906263,0
1765804745.887239,0.1294888505066661,0.0,1,0,0.38927738927738925,0.0,36,0,0.0,-177.43630645909187,1.9689660189489653,1.953827406472361,0
1765804745.949376,0.0961861214798499,0.015384615384615385,1,0,0.389988358556461,0.0,36,0,0.0,-174.97477982704615,-1.633901198005091,2.0197566732161594,0
1765804745.982417,0.1315108664206968,0.015865023417386784,1,0,0.39069767441860465,0.0,36,0,0.0,-175.45048841118145,-0.8798124638202477,2.3413910210663285,0
1765804746.0132124,0.10039987766900699,0.014918727820938253,1,0,0.3914053426248548,0.0,36,0,0.0,-176.5476748147436,1.3059085955752805,2.2053137606145445,0
1765804746.0364356,0.11421284563311561,0.015855049805149804,1,0,0.39211136890951276,0.0,36,0,0.0,-175.31090992786827,-0.6513774083918659,2.4131073539993264,0
1765804746.0593395,0.12100183738613268,0.015623093000542114,1,0,0.3928157589803013,0.0,36,0,0.0,-174.8785226530477,-1.5605852354666276,2.013537779726667,0
1765804746.082582,0.10735306841076799,0.0,1,0,0.39351851851851855,0.0,36,0,0.0,-175.13241642833052,-1.5706700773347673,2.0803385287535483,0
1765804746.1051342,0.13846740351657075,0.02436850894142897,1,0,0.3942196531791908,0.0,36,0,0.0,-174.9679439467794,-3.4357215594780666,2.638380661438043,0
1765804746.129679,0.11604139788658774,0.0,1,0,0.394919168591224,0.0,36,0,0.0,-176.62776404129303,-0.003991441470827265,2.2866530275835735,0
1765804746.1562092,0.1431963531787524,0.0,1,0,0.3956170703575548,0.0,36,0,0.0,-176.53416375036073,1.264130281285543,2.09839827795901,0
1765804746.1955562,0.12269693389706379,0.015617376188860606,1,0,0.39631336405529954,0.0,36,0,0.0,-177.18689832999033,1.3267978790839405,2.484682146944073,0
1765804746.2262425,0.12444564976885353,0.0,1,0,0.3970080552359033,0.0,36,0,0.0,-176.03848282874335,1.3403101594864821,1.5840842702617983,0
1765804746.2586775,0.13094821893598002,0.015865023417386784,1,0,0.39770114942528734,0.0,36,0,0.0,-175.3743001267963,1.0595315213497665,1.7137637857968933,0
1765804746.291549,0.12271053779463366,0.015123765100472588,1,0,0.3983926521239954,0.0,36,0,0.0,-177.07173370341826,1.3220912529258158,2.845801542274816,0
1765804746.3230402,0.13499471024952622,0.01537733789348698,1,0,0.39908256880733944,0.0,36,0,0.0,-177.91323655503248,2.2881852850763607,2.5542785254851688,0
1765804746.3555868,0.10937808064567717,0.0,1,0,0.3997709049255441,0.0,36,0,0.0,-178.02746215793147,0.6827803236456923,2.5824130449031286,0
1765804746.3878198,0.12243868052208082,0.016939422832878557,1,0,0.40045766590389015,0.0,36,0,0.0,-178.46369970637468,-1.6684198646549886,3.1601005329625473,0
1765804746.4192832,0.11393868081446434,0.015865023417386784,1,0,0.40114285714285713,0.0,36,0,0.0,179.36657007753013,-1.312249057352464,2.7388797035554004,0
1765804746.4503322,0.16190405559542168,0.19997633556165179,1,0,0.4018264840182648,0.0,36,0,0.0,179.18601332065379,-4.4534526699216155,2.5111720842548317,0
1765804746.4839566,0.1483647146737872,0.3284968131504475,1,0,0.40250855188141393,0.0,36,0,0.0,177.83825881415822,1.189890635973047,2.17502973981762,0
1765804746.5155375,0.12733104300291362,0.3996331583270679,1,0,0.4031890660592255,0.0,36,0,0.0,173.75734533616776,1.1791552644458885,2.377389085746349,0
1765804746.5636406,0.13101855832885814,0.4411287732562847,1,0,0.4031890660592255,0.0,36,0,0.0,173.99546920378552,1.1199186728926829,2.365122902269618,0
1765804746.5954711,0.13008954401674142,0.4560701700396552,1,0,0.40386803185437997,0.0,36,0,0.0,172.14942000966204,-1.5468342705769955,2.692381105446581,0
1765804746.6271472,0.1303584216308688,0.4854643917690315,1,0,0.40454545454545454,0.0,36,0,0.0,174.07317946327115,0.3745424360942349,3.0873889671186228,0
1765804746.6596098,0.14134531646371568,0.47123626933147034,1,0,0.4052213393870602,0.0,36,0,0.0,172.4604236027392,2.847645248769113,1.9778014474017924,0
1765804746.6910372,0.1389568634596533,0.5136443946715172,1,0,0.40589569160997735,0.0,36,0,0.0,172.20566265760155,-0.8195417063870772,2.8072751160753624,0
1765804746.7231896,0.10275697106006378,0.5882352941176471,1,0,0.40656851642129105,0.0,36,0,0.0,170.12743700059218,-0.21551956209771536,3.114725799011424,0
1765804746.7555237,0.12317327893295443,0.547945205479452,1,0,0.4072398190045249,0.0,36,0,0.0,168.88097570327758,1.4792013574364502,2.805529023015858,0
1765804746.7869678,0.11226956663848081,0.623356903408886,1,1,0.40790960451977404,0.0011299435028248588,36,1,0.0,168.0919191247237,0.5022602294140596,3.170978496711305,0
1765804746.8187685,0.11814562469689308,0.6198783404131095,1,1,0.4090395480225989,0.0022598870056497176,36,1,0.03180074691772461,167.7715659033522,-0.14198474290805288,3.4367032603104954,0
1765804746.851246,0.13909584069811026,0.6957300620165957,1,1,0.4101694915254237,0.003389830508474576,36,1,0.06427836418151855,169.52874755909747,-3.075416624256045,3.9109064071047013,0
1765804746.8828444,0.13422557399365387,0.6429502496030304,1,1,0.4117647058823529,0.004524886877828055,36,1,0.09587669372558594,168.44852840875802,-4.0893426750391555,3.9203507836338094,0
1765804746.9321105,0.1255489015117301,0.6857931037765783,1,1,0.41336353340883353,0.0056625141562853904,36,1,0.1451427936553955,167.6816621020767,-2.187828870077267,3.0704358042884636,0
1765804746.9622922,0.10824625068887085,0.671580529916752,1,1,0.4144960362400906,0.006795016987542469,36,1,0.1753244400024414,168.67098071291684,-0.3265357705237289,2.7340716637777875,0
1765804746.9957361,0.09522818161394897,0.6856443255768069,1,1,0.41609977324263037,0.007936507936507936,36,1,0.20876836776733398,168.847499696722,-4.716952704237082,3.5178318377342808,0
1765804747.0275602,0.07638546467285225,0.6521739130434783,1,1,0.41723356009070295,0.009070294784580499,36,1,0.24059247970581055,168.5446602282529,-3.60980186387709,3.7205931643827275,0
1765804747.059578,0.11705977704004064,0.6857931037765783,1,1,0.41836734693877553,0.01020408163265306,36,1,0.2726101875305176,168.96023393438367,-3.1739841678018625,3.0240797067258667,0
1765804747.09171,0.11792272475420648,0.6576965734268414,1,1,0.41950113378684806,0.011337868480725623,36,1,0.30474233627319336,169.0699353799258,-0.6289805311074053,2.8146145757888905,0
1765804747.1225057,0.09859585375675803,0.6720361992193757,1,1,0.420158550396376,0.01245753114382786,36,1,0.3355379104614258,170.2965158918734,-3.148450604915034,3.5059455848215415,0
1765804747.15528,0.11155837009237346,0.671580529916752,1,1,0.4217687074829932,0.013605442176870748,36,1,0.36831235885620117,168.94454749089815,-4.641366080680659,3.3664889673105387,0
1765804747.18685,0.07727049636744408,0.724706489559794,1,1,0.42242355605889015,0.014722536806342015,36,1,0.39988231658935547,168.46815400435156,-3.5825352396330765,3.4050144880231947,0
1765804747.2193613,0.11095010351297097,0.6428571428571429,1,1,0.42355605889014725,0.015855039637599093,36,1,0.43239355087280273,168.17681045974243,-2.299808244731801,3.1212848339558374,0
1765804747.250917,0.1187116446387273,0.6713600687939567,1,1,0.4246885617214043,0.01698754246885617,36,1,0.46394920349121094,168.03645524754538,-3.5370081433209477,3.5248371178516464,0
1765804747.3008094,0.13518164015065728,0.6917271763394052,1,1,0.4258210645526614,0.01812004530011325,36,1,0.5138416290283203,166.3620212081892,3.865609559753505,2.061552312221721,0
1765804747.3543875,0.09901939334175272,0.605737475913699,1,1,0.427437641723356,0.01927437641723356,36,1,0.5674197673797607,165.95532282165664,4.661715370273506,1.464933968892011,0
1765804747.403118,0.10969706538030483,0.6026831811868931,1,1,0.42905788876276957,0.02043132803632236,36,1,0.6161501407623291,166.53791776391574,3.5911100143501824,2.202224619641559,0
1765804747.437825,0.11196205797712885,0.5542188284975642,1,0,0.4301929625425653,0.02043132803632236,36,0,0.0,166.08471559666023,4.304081056289646,1.875851718145519,0
1765804747.472089,0.146662702581479,0.5418447000869766,1,0,0.43132803632236094,0.02043132803632236,36,0,0.0,166.67255266132162,3.6838085447500024,2.197762523229729,0
1765804747.505442,0.1720819967670506,0.46570973091714474,1,0,0.43246311010215666,0.02043132803632236,36,0,0.0,168.78934057476755,7.369080204316583,1.513165434759777,0
1765804747.5383227,0.18590895899552265,0.3713906763541037,1,0,0.4335981838819523,0.02043132803632236,36,0,0.0,170.01877051635364,0.9855991010505885,2.7047691409719814,0
1765804747.5728693,0.20700792551470482,0.2569070303531151,1,0,0.43473325766174803,0.02043132803632236,36,0,0.0,170.72463839458348,3.13558810007776,3.128536533125579,0
1765804747.6072395,0.18900795539310464,0.17114937161553884,1,0,0.4358683314415437,0.02043132803632236,36,0,0.0,172.9997886409709,-1.304181123062558,3.4818344486351567,0
1765804747.6409323,0.20393674650619473,0.11574769902869565,1,0,0.4370034052213394,0.02043132803632236,36,0,0.0,174.59350216332723,0.8349097909061219,3.1406707642507605,0
1765804747.6881397,0.24787812223927513,0.06147729285421545,0,0,0.4370034052213394,0.02043132803632236,37,0,0.0,176.2334223846247,1.8711915664009706,1.90391820808271,0
1765804747.7090662,0.22667029836832775,0.021070148679394957,0,0,0.4370034052213394,0.02043132803632236,37,0,0.0,179.76351335353604,-0.910131190807206,2.6168957610821395,0
1765804747.7307389,0.25727960982495246,0.0,0,0,0.4370034052213394,0.02043132803632236,37,0,0.0,179.72428572665046,-0.9700263828556256,2.858934519771106,0
1765804747.753324,0.23392720600683387,0.014479074758768978,0,0,0.4365079365079365,0.02040816326530612,37,0,0.0,-179.2631342002805,0.47678789163169655,1.9875126038964803,0
1765804747.7741697,0.2426601414535513,0.0,0,0,0.4365079365079365,0.02040816326530612,37,0,0.0,-179.4076262376252,1.56727187077685,2.3636457427700783,0
1765804747.7975283,0.23934369832812857,0.0,0,0,0.4365079365079365,0.02040816326530612,37,0,0.0,-178.0703878059557,0.6047490119597281,2.2064470532299794,0
1765804747.8269951,0.2485462944358729,0.013867504905630728,0,0,0.4360135900339751,0.020385050962627407,37,0,0.0,-177.45878705104843,1.9722947558558255,2.066096062076227,0
1765804747.8591535,0.24637346509856994,0.0,0,0,0.4360135900339751,0.020385050962627407,37,0,0.0,-178.17799356553897,-1.1294837027574856,2.611613747032835,0
1765804747.8915205,0.23773662355208386,0.0,0,0,0.4360135900339751,0.020385050962627407,37,0,0.0,-178.27454740129812,1.5179930009248264,2.6353181026036703,0
1765804747.9235516,0.24908237815917708,0.0,0,0,0.4360135900339751,0.020385050962627407,37,0,0.0,-176.19458027169594,2.8253502210548262,2.3927062037062323,0
1765804747.9555788,0.24537776219463708,0.014479074758768978,0,0,0.4360135900339751,0.020385050962627407,37,0,0.0,-177.16413241053013,-0.16946888723375078,2.3903225132170114,0
1765804748.0065556,0.23954579533689135,0.0,0,0,0.4360135900339751,0.020385050962627407,37,0,0.0,-177.8359669482457,-0.23234313460850436,2.765555805068693,0
1765804748.0516918,0.22760826034155573,0.0,0,0,0.4360135900339751,0.020385050962627407,37,0,0.0,-176.64193046329896,2.820112348148187,2.508789295683417,0
1765804748.0999455,0.24706208870304003,0.0,0,0,0.4365079365079365,0.02040816326530612,37,0,0.0,-179.1416861249366,2.0540187596292063,2.272171055030155,0
1765804748.1304116,0.23841513626172645,0.014071950894605839,0,0,0.4365079365079365,0.02040816326530612,37,0,0.0,-177.11519860608516,2.0245479932853634,1.7925634734151858,0
1765804748.1589966,0.2462918518071109,0.0,0,0,0.4365079365079365,0.02040816326530612,37,0,0.0,-175.74424264338356,1.9568623809013985,2.1171459868635267,0
1765804748.1886728,0.23534037647048445,0.0,0,0,0.4365079365079365,0.02040816326530612,37,0,0.0,-176.1730292343516,3.184214406894587,1.6661242131696155,0
1765804748.2156515,0.2526293213411796,0.014910433647938832,0,0,0.4365079365079365,0.02040816326530612,37,0,0.0,-177.16530721185435,1.1085648913183632,2.291021988395483,0
1765804748.2435749,0.25149837581536527,0.0,0,0,0.4365079365079365,0.02040816326530612,37,0,0.0,-174.45624602446074,2.3822440221586856,1.765246788301938,0
1765804748.2713342,0.26239079460486925,0.0,0,0,0.4365079365079365,0.02040816326530612,37,0,0.0,-177.18936720908417,2.615487608672948,1.8759767243878531,0
1765804748.299258,0.190841867112559,0.013876848237393777,1,0,0.4376417233560091,0.02040816326530612,37,0,0.0,-177.01388595958701,4.543613073256907,1.8951332524984714,0
1765804748.3269482,0.1179794758332336,0.0,1,0,0.43827859569648925,0.020385050962627407,37,0,0.0,-175.8621576299904,3.8678592938243788,1.8627151231487808,0
1765804748.3715456,0.18066435549767978,0.0,1,0,0.4399092970521542,0.02040816326530612,37,0,0.0,-177.176399236941,1.8132384042157057,1.7271492006106055,0
1765804748.4035425,0.2488234362614009,0.08563567678437169,0,0,0.4399092970521542,0.02040816326530612,38,0,0.0,-179.1591247855424,0.9429827207447246,1.396956548266582,1
1765804748.4354153,0.2622860023782357,0.08101453328547906,0,0,0.43941109852774635,0.020385050962627407,38,0,0.0,-177.75883195167953,1.1593109263726522,1.2944063758887938,1
1765804748.4677215,0.2957883623882451,0.11409958107702589,0,0,0.4399092970521542,0.02040816326530612,38,0,0.0,-176.93614906193656,-1.558124930697708,1.72246514603507,1
1765804748.5003445,0.3057529091435144,0.13946059879897812,0,0,0.4399092970521542,0.02040816326530612,38,0,0.0,-177.44740484401683,-0.4445654998256376,1.4840357075095296,1
1765804748.530442,0.3166401450090382,0.124891634136544,0,0,0.43941109852774635,0.020385050962627407,38,0,0.0,-177.80474174673427,-2.005024735157985,1.7567650461061255,1
1765804748.562748,0.3144632338745228,0.1485266443567116,0,0,0.4399092970521542,0.02040816326530612,38,0,0.0,-177.88959758214526,0.12827238735262694,1.6515690214203074,1
1765804748.5949337,0.31380679160979774,0.1829353616298759,0,0,0.4399092970521542,0.02040816326530612,38,0,0.0,-179.23468837918364,1.117184543724579,1.5590125169877658,1
1765804748.627574,0.28611754434933784,0.17801539425717383,0,0,0.4399092970521542,0.02040816326530612,38,0,0.0,-178.12890231220214,0.14315449116077084,1.843737539440284,1
1765804748.659449,0.26392187603334916,0.19219731719783742,0,0,0.4399092970521542,0.02040816326530612,38,0,0.0,-179.87436870873293,1.9279687444631954,1.6225758256401999,1
1765804748.691941,0.27964739826869195,0.17149858514250885,0,0,0.43941109852774635,0.020385050962627407,38,0,0.0,178.6283305629546,0.7400708393390804,1.7672476872695284,1
1765804748.7396917,0.27386000727619436,0.1562657873465873,0,0,0.4399092970521542,0.02040816326530612,38,0,0.0,-179.23484706895118,-0.4830610903541759,1.5781360165725755,1
1765804748.7706034,0.2729385652419682,0.18699271691788877,0,0,0.4387755102040816,0.02040816326530612,38,0,0.0,-178.9249155950905,1.1712264238090415,1.7926640080959666,1
1765804748.8036513,0.27458829847821964,0.14280897793909916,0,0,0.43827859569648925,0.020385050962627407,38,0,0.0,-179.08771141044505,1.0496300155943028,1.1864889820150457,1
1765804748.8344278,0.2791452187088952,0.1557916122971991,0,0,0.43714609286523215,0.020385050962627407,38,0,0.0,-177.94730218851547,0.7377671910614603,1.556975801703953,1
1765804748.867399,0.27566086112938804,0.1563711587593343,0,0,0.43537414965986393,0.02040816326530612,38,0,0.0,-179.80153575223196,1.0075755446521626,1.4855681118715778,1
1765804748.898486,0.26036041069999893,0.15784009252939693,0,0,0.434881087202718,0.020385050962627407,38,0,0.0,-177.68476516676373,-1.032877814607591,1.3285290841836166,1
1765804748.9315586,0.2744315539903499,0.1231836943562911,0,0,0.4337485843714609,0.020385050962627407,38,0,0.0,-179.39258059620096,2.9841675650024237,1.2128823038717367,1
1765804748.964275,0.26777332795117476,0.0519305374323997,0,0,0.43261608154020387,0.020385050962627407,38,0,0.0,-178.28797822332484,1.6954171126017323,0.8638369018594599,1
1765804748.9944746,0.27945562153334014,0.08320502943378437,0,0,0.43148357870894677,0.020385050962627407,38,0,0.0,-175.69007612930346,-0.9438920031067848,1.2046252647566353,1
1765804749.0274293,0.26635818680621115,0.14279886949438494,0,0,0.42970521541950113,0.02040816326530612,38,0,0.0,-177.98142054993534,-0.9837010099401775,1.3674216964585455,1
1765804749.0592234,0.2763850431545175,0.1604263046355782,0,0,0.4292185730464326,0.020385050962627407,38,0,0.0,-178.61436932099488,-0.06334584781929721,0.6789002437024424,1
1765804749.10759,0.2805228287275964,0.2236842105263158,0,0,0.42808607021517553,0.020385050962627407,38,0,0.0,-179.23518001027372,-1.3828512462789497,1.06004930072544,1
1765804749.1392958,0.28723915855431437,0.24673244037463116,0,0,0.4269535673839185,0.020385050962627407,38,0,0.0,179.79788584788017,-0.6388241725336672,1.2586259102358035,1
1765804749.1707776,0.27594296049868233,0.2151726354737344,0,0,0.4258210645526614,0.020385050962627407,38,0,0.0,179.35525297550205,-2.9038320259823047,1.5166063514640358,1
1765804749.2032864,0.2733921598093414,0.23487466422314426,0,0,0.4246885617214043,0.020385050962627407,38,0,0.0,178.63238280724858,-3.7909574825564074,1.4277158099945046,1
1765804749.234602,0.25085341154007634,0.22784810126582278,0,0,0.42355605889014725,0.020385050962627407,38,0,0.0,176.67121283439525,-4.559706918446508,1.3728346913282796,1
1765804749.2676742,0.2719510253932731,0.2705831920695818,0,0,0.4217687074829932,0.02040816326530612,38,0,0.0,177.9543626772292,-8.801270363667523,2.0975844878989176,1
1765804749.3051434,0.2877222946575805,0.2502593810139135,0,0,0.42063492063492064,0.02040816326530612,38,0,0.0,175.06403683722758,-9.245288657724693,2.836757688047304,1
1765804749.341686,0.2754467246292681,0.24028466566610637,0,0,0.41950113378684806,0.02040816326530612,38,0,0.0,173.0478829660704,-11.140683578412837,3.2819173880143286,1
1765804749.3739448,0.26895743811052136,0.2108640979874697,0,0,0.41836734693877553,0.02040816326530612,38,0,0.0,170.11945504820517,-10.538473015343547,4.0755616389563745,1
1765804749.3987267,0.23282092165435897,0.21646029486376214,0,0,0.4178935447338618,0.020385050962627407,38,0,0.0,170.06708537384878,-10.473043058727873,4.5475596185745815,1
1765804749.4433198,0.23909379759886829,0.22880738919130977,0,0,0.41609977324263037,0.02040816326530612,38,0,0.0,172.7959445596776,-13.162620366510206,4.505018546507018,1
1765804749.4745595,0.24844880789791277,0.2535100632816969,0,0,0.41562853907134767,0.020385050962627407,38,0,0.0,171.71095195245786,-11.995309217225978,4.796368739456014,1
1765804749.5071964,0.265581589021889,0.22559053417400055,0,0,0.41383219954648526,0.02040816326530612,38,0,0.0,172.85126322027176,-12.096297286397064,4.33540475588668,1
1765804749.539642,0.26463285606676024,0.2426344175557198,0,0,0.4126984126984127,0.02040816326530612,38,0,0.0,173.9836070667911,-13.864603839387252,3.823627886059062,1
1765804749.5713239,0.25787335672402484,0.22202957179830043,0,0,0.41223103057757643,0.020385050962627407,38,0,0.0,171.86388132323745,-10.549590306033666,4.635175075361573,1
1765804749.6035967,0.24475128491339973,0.22543434665325254,0,0,0.4117647058823529,0.020361990950226245,38,0,0.0,171.13779725549009,-11.494600460667145,4.9075273049077035,1
1765804749.6353996,0.26474549412549114,0.22634498239364073,0,0,0.41129943502824856,0.020338983050847456,38,0,0.0,170.95739033069506,-11.270638526458123,4.7173670942675745,1
1765804749.6659408,0.26542250537937595,0.20861477235044235,0,0,0.4108352144469526,0.020316027088036117,38,0,0.0,172.90557739076328,-13.574930188782702,4.5261956929629585,1
1765804749.699466,0.28163965329000695,0.22864442923531234,0,0,0.41037204058624577,0.020293122886133032,38,0,0.0,173.32737963272317,-14.201852781168892,4.484701414133452,1
1765804749.731685,0.26388477773459174,0.19687091458639852,0,0,0.4099099099099099,0.02027027027027027,38,0,0.0,173.69106556076545,-11.678771177296873,4.537354884107383,1
1765804749.7635713,0.2766516880011072,0.22880738919130977,0,0,0.4094488188976378,0.020247469066366704,38,0,0.0,174.5044935467339,-14.292671379720286,4.940394931259251,1
1765804749.813046,0.2721368956549748,0.20253633321369763,0,0,0.40898876404494383,0.020224719101123594,38,0,0.0,174.40887879202708,-12.764469225538454,4.300390510313627,1
1765804749.8569298,0.27960699085352037,0.21456441827700132,0,0,0.40852974186307517,0.020202020202020204,38,0,0.0,175.6428614186579,-13.651463591009021,4.318425017584193,1
1765804749.8898666,0.2627299949523414,0.20322349853398874,0,0,0.4080717488789238,0.020179372197309416,38,0,0.0,175.54112705592973,-11.807006436548116,4.076628398173281,1
1765804749.9224524,0.26900706394207047,0.19737249734731552,0,0,0.4076147816349384,0.020156774916013438,38,0,0.0,175.55432304881893,-12.684041141998433,4.004409806065446,1
1765804749.9551485,0.27001841379308766,0.19991841729213894,0,0,0.407158836689038,0.020134228187919462,38,0,0.0,173.26383497216972,-10.707336232437996,3.613076909127246,1
1765804749.9890397,0.26325186125740097,0.20540237798904673,0,0,0.40670391061452515,0.02011173184357542,38,0,0.0,175.20373260878918,-12.362923379551223,3.1223258282838144,1
1765804750.0220537,0.2514692231923127,0.19765260288218314,0,0,0.40625,0.020089285714285716,38,0,0.0,173.94858945517933,-10.244033368279492,3.72919247712691,1
1765804750.0560546,0.22553412916940746,0.20861477235044235,0,0,0.4057971014492754,0.020066889632107024,38,0,0.0,171.71357928573835,-10.052051958662624,3.8879419193847196,1
1765804750.0896988,0.11825965323011017,0.23308252501949656,1,0,0.4064587973273942,0.0200445434298441,38,0,0.0,169.89066336587422,-8.641475301695948,4.655543162827534,1
1765804750.1242802,0.13591059745014647,0.2342850223813972,1,0,0.407119021134594,0.020022246941045607,38,0,0.0,170.07481405339848,-9.302687614176724,4.768813744902651,1
1765804750.1579542,0.2023470699222032,0.19492104575718408,1,0,0.407119021134594,0.020022246941045607,38,0,0.0,172.9748418736179,-9.837719933822935,2.7787213431295754,1
1765804750.1959977,0.25435097803482065,0.15062841052530093,0,0,0.4080267558528428,0.020066889632107024,39,0,0.0,172.64617828599657,-10.628579958284087,3.224834518497664,1
1765804750.2214053,0.22607826378949025,0.13883533620176644,0,0,0.4080267558528428,0.020066889632107024,39,0,0.0,173.74822896224435,-8.800221556895806,3.025303760052557,1
1765804750.2438312,0.24961226858168356,0.17135864339326193,0,0,0.4080267558528428,0.020066889632107024,39,0,0.0,176.55945687486494,-10.259586475583822,2.584256942803745,1
1765804750.275305,0.24097522269567834,0.1485266443567116,0,0,0.4080267558528428,0.020066889632107024,39,0,0.0,174.1506301632547,-10.254180053072718,2.970455997014617,1
1765804750.3072238,0.24766620921420784,0.20298591497269394,0,0,0.4080267558528428,0.020066889632107024,39,0,0.0,174.24668211020133,-10.586819046994963,3.0665274294316305,1
1765804750.339944,0.24111796174344502,0.20818010103946705,0,0,0.4080267558528428,0.020066889632107024,39,0,0.0,176.5425995967417,-9.165049807116576,1.9853898022309566,1
1765804750.3716002,0.26348263740555067,0.2179308085261191,0,0,0.4080267558528428,0.020066889632107024,39,0,0.0,175.96131114672892,-9.875915327152821,2.217318163501805,1
1765804750.402695,0.23210938623854624,0.23748144748659436,0,0,0.4080267558528428,0.020066889632107024,39,0,0.0,178.012340755586,-8.78705449945374,0.8819974161509057,1
1765804750.4233346,0.23910195078949328,0.22220528907004905,0,0,0.40757238307349664,0.0200445434298441,39,0,0.0,177.7048324854171,-7.207889199742713,1.020748470299765,1
1765804750.4461026,0.2435822716506254,0.2368216056651394,0,0,0.40757238307349664,0.0200445434298441,39,0,0.0,176.53354907050007,-8.295076933477883,1.6306653080475226,1
1765804750.4678156,0.28194727903725825,0.2222222222222222,0,0,0.40757238307349664,0.0200445434298441,39,0,0.0,176.14654863200343,-5.5597976679035535,1.7665646250428253,1
1765804750.5503886,0.25750181718488874,0.27058823529411763,0,0,0.4080267558528428,0.020066889632107024,39,0,0.0,175.08264398755367,-5.27285797545898,1.32728876140215,1
1765804750.606278,0.22261240905215052,0.24094636829546742,0,0,0.4080267558528428,0.020066889632107024,39,0,0.0,176.94728884213134,-3.9048840184471127,1.4427825115635864,1
1765804750.6408756,0.24324488704195205,0.22889904988069407,0,0,0.4080267558528428,0.020066889632107024,39,0,0.0,175.55689292502026,-3.0755289390976137,1.322067797588666,1
1765804750.6789298,0.2347862189671563,0.24094636829546742,0,0,0.40848214285714285,0.020089285714285716,39,0,0.0,174.9886622810469,-4.270704962481299,1.5056779410006547,1
1765804750.701733,0.23493751629080373,0.2023666128512372,0,0,0.4080267558528428,0.020066889632107024,39,0,0.0,175.49649681402104,-3.1494978679035515,1.2358956471534337,1
1765804750.7229948,0.23782046608756463,0.22093023255813954,0,0,0.4080267558528428,0.020066889632107024,39,0,0.0,177.70361152200948,-2.9856377259085067,1.4037695325393424,1
1765804750.744851,0.22007534212158222,0.18680190820739798,0,0,0.4080267558528428,0.020066889632107024,39,0,0.0,177.39780312791646,-0.6598818913796229,1.081258752971475,1
1765804750.7713006,0.23304649789183662,0.19572714407395,0,0,0.4080267558528428,0.020066889632107024,39,0,0.0,175.7198885140525,0.4076307596640304,1.1212189228270142,1
1765804750.7934446,0.25016058109224065,0.1818064436612363,0,0,0.4080267558528428,0.020066889632107024,39,0,0.0,176.34548949710089,0.6745332379289657,1.2605236109562805,1
1765804750.8153331,0.22612193516079154,0.21207657542607244,0,0,0.4080267558528428,0.020066889632107024,39,0,0.0,175.56372136568925,-2.4950492167545866,1.2348453981557623,1
1765804750.8354478,0.22950652577139025,0.2045322491188908,0,0,0.4080267558528428,0.020066889632107024,39,0,0.0,175.54659896163514,0.060864074137540185,0.600235700950223,1
1765804750.867352,0.22912205505769576,0.23284865575000915,0,0,0.40757238307349664,0.0200445434298441,39,0,0.0,173.67940944946247,-0.6992566726969786,0.6951869785477401,1
1765804750.950545,0.21649488425634994,0.25579666116716476,1,0,0.40914158305462656,0.020066889632107024,39,0,0.0,173.38156706109393,0.9993094312557228,0.3918382732534879,1
1765804751.0047917,0.2248568171100095,0.290930139609228,0,0,0.40914158305462656,0.020066889632107024,40,0,0.0,172.13651662247295,1.333520793940779,0.4447033892056778,1
1765804751.043325,0.22829475370403818,0.26529534279606753,0,0,0.40914158305462656,0.020066889632107024,40,0,0.0,173.22764130291762,2.898850693908275,-0.29404512026022456,1
1765804751.0823808,0.20655820722080792,0.32542977865974687,1,0,0.4107142857142857,0.020089285714285716,40,0,0.0,170.07621611506391,3.5935945920490266,-0.6017515060444514,1
1765804751.1190085,0.19297691519581817,0.2727041819674607,1,0,0.41183035714285715,0.020089285714285716,40,0,0.0,173.57754588020225,2.4677135583591796,-0.5733634769818294,1
1765804751.149477,0.22017272798855325,0.27036015304065836,0,0,0.41183035714285715,0.020089285714285716,41,0,0.0,173.5910438649601,2.6550082954144405,-1.1291520644775597,1
1765804751.1717706,0.22006760135122222,0.29284978881832807,0,0,0.4107142857142857,0.020089285714285716,41,0,0.0,172.64554028096438,4.336824553554307,-0.55209321548519,1
1765804751.195967,0.2055733297300918,0.2936755916991593,1,0,0.4107142857142857,0.020089285714285716,41,0,0.0,171.152171550851,4.123917124561972,-0.444066774909551,1
1765804751.2205722,0.23482254900647953,0.2822497379734319,0,0,0.41025641025641024,0.020066889632107024,42,0,0.0,172.93263031977662,2.9116313181932045,-0.836332294541373,1
1765804751.2432954,0.23109282607587525,0.25032435251282664,0,0,0.40914158305462656,0.020066889632107024,42,0,0.0,170.75606673202475,2.890192528332952,-1.0772072257901126,1
1765804751.265796,0.21955931154840858,0.2605364512935825,1,0,0.40914158305462656,0.020066889632107024,42,0,0.0,171.25655897442056,1.503422990448611,-1.135103291210838,1
1765804751.2895696,0.23890374725120317,0.2225699754821432,0,0,0.4080267558528428,0.020066889632107024,43,0,0.0,172.61058149281746,1.9082772504793846,-1.354744423848564,1
1765804751.3480835,0.20042615763980676,0.24288073129387738,1,0,0.4086859688195991,0.0200445434298441,43,0,0.0,170.22960235195,3.1440286059572022,-2.286640505836822,1
1765804751.4074037,0.20965681669536113,0.21766822213319229,1,0,0.4080267558528428,0.020066889632107024,43,0,0.0,170.13152118867046,1.142625495871827,-1.6216693491051017,1
1765804751.4659333,0.20195689613071244,0.2426344175557198,1,0,0.40736607142857145,0.020089285714285716,43,0,0.0,168.4835696858649,3.8300728135859767,-1.7652274532910253,1
1765804751.5260725,0.22113964840057648,0.19174124721184263,0,0,0.40558659217877097,0.02011173184357542,44,0,0.0,164.22837462417397,3.226780438493379,0.04779513039067739,1
1765804751.5538628,0.23730168364461404,0.2005671088887896,0,0,0.4044692737430168,0.02011173184357542,44,0,0.0,163.42456892589607,1.1690022992188631,0.7956306924045301,1
1765804751.5836403,0.23625621170932892,0.20370021093167767,0,0,0.4033519553072626,0.02011173184357542,44,0,0.0,164.41947863536822,-1.5355759871723174,0.7662343275772852,1
1765804751.6182733,0.23274707886804802,0.2227603336477376,0,0,0.4015659955257271,0.020134228187919462,44,0,0.0,164.5545889848349,0.6384899457352984,0.1523990316678444,1
1765804751.651565,0.22923323753347563,0.191136421885592,0,0,0.4004474272930649,0.020134228187919462,44,0,0.0,162.34648289822292,0.14506720626623357,0.6757682630584578,1
1765804751.6827195,0.24088080556277097,0.2671498907895108,0,0,0.4,0.02011173184357542,44,0,0.0,164.81450257046498,-0.6285314161143465,0.6782046715127035,1
1765804751.7473426,0.24244947701420153,0.238593696775623,0,0,0.39888268156424583,0.02011173184357542,44,0,0.0,162.2701242816348,0.934873186948262,-0.7875473753331056,1
1765804751.7981086,0.2329099577581209,0.27576192728482135,0,0,0.3970917225950783,0.020134228187919462,44,0,0.0,164.20915786878624,-3.318205892086695,-1.1723626951057904,1
1765804751.8242383,0.25057916694747995,0.27623615495018516,0,0,0.3959731543624161,0.020134228187919462,44,0,0.0,165.83919964223625,-5.016349638703514,-1.1177546316175493,1
1765804751.8410652,0.23132287818675165,0.2622436692068443,0,0,0.39553072625698327,0.02011173184357542,44,0,0.0,165.4771631744012,-0.8082508845750601,-2.1186391953473285,1
1765804751.8730028,0.1465909783538863,0.25923122321028885,1,0,0.39485458612975394,0.020134228187919462,44,0,0.0,161.91405342352394,0.7060410444642052,-2.111245044240098,1
1765804751.8865848,0.11899308837774829,0.24754615909575586,1,0,0.39485458612975394,0.020134228187919462,44,0,0.0,163.3648322490882,-2.850694051796308,-1.6223118529183844,1
1765804751.9051545,0.14240976378051834,0.2239693946971136,1,0,0.39553072625698327,0.02011173184357542,44,0,0.0,159.9937774106989,0.07366048398346042,-2.587694039690537,1
1765804751.9380283,0.11264787580623042,0.22736082317135434,1,0,0.39553072625698327,0.02011173184357542,44,0,0.0,160.45550493494702,-1.7410348508340034,-3.115694904507317,1
1765804751.986258,0.1314990931279723,0.2255711704566354,1,0,0.39553072625698327,0.02011173184357542,44,0,0.0,167.78287559874738,-4.175509015787914,-3.7475500821976353,1
1765804752.0170188,0.11329753633702255,0.18973354924954405,1,0,0.39553072625698327,0.02011173184357542,44,0,0.0,168.85601456591542,-5.447105410399718,-2.5716360433132044,1
1765804752.0493336,0.19564435235659175,0.10500492222109636,1,0,0.39553072625698327,0.02011173184357542,44,0,0.0,170.77203142900177,-6.488000014248378,-2.7655824309219006,1
1765804752.081639,0.15923856073819434,0.05540376413648383,1,0,0.39553072625698327,0.02011173184357542,44,0,0.0,172.51421567164996,-4.289057626501527,-2.3623163760590886,1
1765804752.1471145,0.1803790178924326,0.0,1,0,0.39553072625698327,0.02011173184357542,44,0,0.0,176.30167562225432,-6.324426475789832,-4.23826795597939,1
1765804752.1779563,0.18294808740154114,0.0,1,0,0.39553072625698327,0.02011173184357542,44,0,0.0,178.0317109406534,-6.70628794434291,-3.5067133904337955,1
1765804752.210171,0.16173359401023663,0.0,1,0,0.39485458612975394,0.020134228187919462,44,0,0.0,179.4706292818293,-4.960037146208453,-4.70818461738873,1
1765804752.2291439,0.1638956552558636,0.0,1,0,0.39553072625698327,0.02011173184357542,44,0,0.0,179.206377121178,-4.304630877000835,-3.9738697374032763,1
1765804752.2463841,0.200032369556768,0.0,1,0,0.39553072625698327,0.02011173184357542,44,0,0.0,179.10183335924734,-6.4687098404808125,-3.2307571114931313,1
1765804752.2745624,0.18542497336070324,0.0,1,0,0.39553072625698327,0.02011173184357542,44,0,0.0,-179.4453390035143,-4.214300735778504,-4.09774501335013,0
1765804752.3091826,0.1834296108344227,0.017811762496977412,1,0,0.39553072625698327,0.02011173184357542,44,0,0.0,-178.32146330051194,-6.766158904265505,-3.515086210279664,0
1765804752.3547378,0.2171558317353235,0.0,1,0,0.39553072625698327,0.02011173184357542,44,0,0.0,-179.43212445442455,-6.097368539660908,-3.9940040343538006,0
1765804752.3851333,0.20126120499215921,0.0,1,0,0.39553072625698327,0.02011173184357542,44,0,0.0,-177.48204836840202,-7.519980656686826,-2.8189839677024637,0
1765804752.4169934,0.14680203967682715,0.0,1,0,0.39553072625698327,0.02011173184357542,44,0,0.0,-175.442264644396,-4.255598497149196,-4.331681790017528,0
1765804752.4504814,0.16968306083275242,0.017200522903844537,1,0,0.39553072625698327,0.02011173184357542,44,0,0.0,179.87574128286997,-7.368798077155605,-2.7888898813274947,0
1765804752.4835272,0.17569558008189712,0.0,1,0,0.39553072625698327,0.02011173184357542,44,0,0.0,-178.92303183435672,-4.743852179708554,-2.7356600577100263,0
1765804752.5469563,0.1849469202036742,0.0,1,0,0.39553072625698327,0.02011173184357542,44,0,0.0,-178.96480067415754,-3.940913979228124,-3.168954212170809,0
1765804752.5770802,0.21939590345740617,0.0,1,0,0.39553072625698327,0.02011173184357542,44,0,0.0,177.20140420524027,-7.988316996715196,-2.078199321692962,0
